"date","Topic 1: German Politics","Topic 2: Raw Materials/News","Topic 3: Private Investment","Topic 4: Financial Markets","Topic 5: Emerging Markets","Topic 6: Companies","Topic 7: Miscellaneous","Topic 8: News","Topic 9: Eurozone","Topic 10: Central Banks"
2001-01-01,0.00190394754027734,0.00170699909883276,0.00119824377667916,0.00402342356364499,0.00216204120968329,0.00142154209536676,0.00249850887294025,0.0040315312181813,0.00249850887294025,0.00302010131477634
2001-02-01,0.00186776764313461,0.000797424365406453,0.00179293503814317,0.00433622778063484,0.00317378283522492,0.00111808715693083,0.00318495693461278,0.00436975007879842,0.00339624899576506,0.00322626724144063
2001-03-01,0.00192471077710903,0.00119330863730962,0.00106322805913204,0.00295361201699976,0.00300510224586172,0.00073953217593551,0.00292319965960176,0.00401292561428849,0.0027988402179644,0.00338871950650579
2001-04-01,0.0026731854665597,0.00158218639052364,0.000818889350065286,0.00240619608489483,0.00339625123032883,0.000843393854957816,0.00450809742246749,0.00411200221651809,0.00373273099900237,0.00416503435397207
2001-05-01,0.0025304978172818,0.00132908694290649,0.00115989871001682,0.00490541222864857,0.00233723950589855,0.00128303983622312,0.00331608936463756,0.00411563458068524,0.00248828796948871,0.00407726199178243
2001-06-01,0.00458886816850311,0.00138217184728365,0.00151005066036306,0.00380286374557558,0.00308422083827016,0.00133714409619935,0.00363860250962005,0.0061097254891264,0.00446170979944105,0.00392533922852487
2001-07-01,0.00362990889561198,0.00151561515115372,0.000701935621801246,0.00299197848668027,0.00304643596061347,0.00110612323677295,0.00374660348261169,0.00459812034774892,0.00390396436508098,0.00278404994984444
2001-08-01,0.00188653697638171,0.000730249921854026,0.00101183819009993,0.00232997758669726,0.00234250809059943,0.00119701119220972,0.00297007749436626,0.00496416796257489,0.00296137575554531,0.00279743499615863
2001-09-01,0.00199045397191536,0.000972472545873941,0.00136377431059268,0.00262683224704422,0.00138839386871608,0.000996346056781471,0.00201656562447047,0.00355864521965378,0.00205349496165556,0.00184945104811776
2001-10-01,0.00177242475238436,0.000931561525130141,0.00160279816475383,0.00320836574318326,0.00154048635705282,0.000694776655866292,0.0019683607699331,0.00363762486290134,0.00322879016904081,0.00293177055233265
2001-11-01,0.00208486551089621,0.00126898497155058,0.000896334917945379,0.00208120849368713,0.00189945473839588,0.000532096003921063,0.00203147305964365,0.00436757565280362,0.00300094832177062,0.00231525759506821
2001-12-01,0.00307992761676017,0.00167389098345727,0.00104161164948754,0.00348886252226291,0.00328499118453414,0.000623138903623219,0.00405437697370158,0.00502962115067312,0.00486946491460159,0.00303462287504266
2002-01-01,0.00377452879531575,0.0020429112762325,0.001046108926212,0.00194908159765914,0.0031880013143513,0.000647608761918085,0.00334769574768792,0.00407478376675049,0.0040081830929396,0.00159804821193764
2002-02-01,0.00143003984083249,0.00110342355294417,0.000828934641359442,0.00158970271370648,0.00223199947627259,0.000738531918818922,0.00239312045757464,0.00376191974442808,0.00238838160518341,0.00120038776341101
2002-03-01,0.0012532693147043,0.000827143990632228,0.00135438379838242,0.00323050457547132,0.00266130569626286,0.000607374755699175,0.00271736576714563,0.00376531077315661,0.00237447073235963,0.00181490180397766
2002-04-01,0.00244408985064156,0.00157291492513075,0.000686695037912923,0.00304123154506036,0.00278761647628501,0.00126377678338904,0.00320171113660183,0.00402201976300798,0.00228755060621384,0.00184515708935288
2002-05-01,0.00387168053335507,0.00153332347481756,0.000756971877229197,0.00309610412458107,0.00253176666772202,0.000847668968510114,0.00294145395611489,0.00471586115220053,0.00338331158030397,0.00220153623280176
2002-06-01,0.00114082215940068,0.000941349928805438,0.000692009640561388,0.00314891488660675,0.00229429201458185,0.000982183918039609,0.00218588319360618,0.00329201453029464,0.00213746058690371,0.00204061537349878
2002-07-01,0.00152162878960237,0.00105978258026791,0.000915089017648304,0.00252979096374653,0.00221615789017647,0.00173241211460769,0.00289191593397829,0.00381247984318518,0.00293375974803315,0.00219777789708695
2002-08-01,0.00196038179364284,0.00122483690344611,0.00101192658569392,0.00197886080235341,0.00311773014353732,0.00207888847993888,0.00339049638080852,0.0034439248190369,0.00292490570481835,0.00187441423138064
2002-09-01,0.00179542566572673,0.000863559589279677,0.00124483398128667,0.0024089421141028,0.00194983972459601,0.000868113355090836,0.00227936677783984,0.00288915741782496,0.00197426446849223,0.00213820003769393
2002-10-01,0.00332621266562397,0.000885138671484837,0.00117184068041033,0.00219896138360042,0.0035781036530019,0.000985660385391864,0.00309700751251301,0.00264133515180606,0.00334616055437595,0.00202099492512689
2002-11-01,0.00402838928937035,0.000611451945707999,0.00178367399135676,0.00257823454112705,0.00198762754811364,0.000837067904284748,0.00320930526584172,0.00295712221069343,0.00386776053625321,0.00362211707410715
2002-12-01,0.00359034122036059,0.000852907091795466,0.00124428824025687,0.0025730183036407,0.00299701454780722,0.00119067438430326,0.00379675456578202,0.00296573979850094,0.00425202555925482,0.00452724335315006
2003-01-01,0.0023470773016372,0.00119894707434451,0.0009663463841805,0.00249498324671485,0.00298084188194199,0.00117457151356356,0.00405708486218577,0.00301348034468258,0.00314486048584094,0.00230411021144705
2003-02-01,0.00164672418402579,0.00107893232233247,0.00163479757327755,0.00200537440724093,0.00147676998086328,0.00100524290592366,0.00161477790523585,0.00282788459848609,0.00276867749512872,0.00296802227477799
2003-03-01,0.00246297620534055,0.00056444817783504,0.000656587180801254,0.0020576420200228,0.00145757708473863,0.00114980184373804,0.00202512237191707,0.00250943284549158,0.00226011554334771,0.00238903271976683
2003-04-01,0.00147875568220565,0.000844317570099713,0.000922858739411314,0.00109826735087389,0.0019622202133015,0.000570296157168127,0.00237499769201692,0.00215595509760345,0.00150275437282864,0.00161576638867144
2003-05-01,0.00222123508334032,0.000272660416312125,0.00129410729313096,0.00276532029474261,0.0021664558758335,0.000676708555892479,0.00295560596292418,0.00343749823948791,0.00392186175849555,0.00460763153668239
2003-06-01,0.0016598697543856,0.000892998501697521,0.0010551621075668,0.00293125000311145,0.00207912200370619,0.00146035138835672,0.00222634370551163,0.00302749344399322,0.00277831522034042,0.00392708396218949
2003-07-01,0.00138692595991241,0.000676741177602651,0.000917141677320802,0.00248348274013252,0.00134285909253363,0.000461915199131112,0.00205422423736247,0.00243823551023467,0.00233003561265285,0.00265306148870621
2003-08-01,0.000926529845370812,0.000813180022874156,0.000553734873604033,0.00284424091635127,0.000884128615473915,0.000553734873604033,0.00198404170784887,0.00184466340759372,0.000918553376380307,0.0012313149236396
2003-09-01,0.00171687939529264,0.000852314548180415,0.00103116891258479,0.00307390625946347,0.00176465556112668,0.000630584137514723,0.00223353575274156,0.00233521323387555,0.00316333344166565,0.00192023435756062
2003-10-01,0.00252674181184137,0.0004747549976467,0.00188492707785517,0.00181270090010558,0.00193953711469023,0.000682625460438205,0.00263361306672288,0.00151175849281562,0.00205345482593755,0.00102966343645453
2003-11-01,0.002486621583629,0.000597971771772711,0.00126429225749073,0.00241795496868859,0.00177992767153398,0.000930496212641534,0.00325943890270367,0.00222689647063681,0.00253494253488336,0.00249679441547202
2003-12-01,0.00197805370320017,0.000922772726818537,0.00120140812937204,0.00393549501202385,0.00151795561443943,0.000664749718641515,0.00156617389414155,0.00231410934723101,0.00264169918642865,0.00205608633905399
2004-01-01,0.00165799244285425,0.00078098485725181,0.00123549243811147,0.0028311767994582,0.00201605052768172,0.000363606064687728,0.00390577782162216,0.00261950002940525,0.00309193185289036,0.00270143942426446
2004-02-01,0.00138460941090231,0.00097143575314276,0.00118757573017883,0.00375080479486344,0.00210826038374129,0.0012198176052063,0.00248023609007684,0.00296744664604764,0.00255248177300879,0.00283429964361935
2004-03-01,0.00112560203592905,0.00104436856846085,0.000528449631455367,0.00240848589184973,0.00177676605441085,0.000354748280805279,0.00236916543685182,0.00253984213711745,0.00180917302281572,0.0024322510020133
2004-04-01,0.000694696869525028,0.00122741778501572,0.00145733365310335,0.00459201829687334,0.00220737230692344,0.00132100389179112,0.00252547508331864,0.00274054315561978,0.00201930022696135,0.00234235226861872
2004-05-01,0.00121379599733261,0.00256844204213727,0.00140435782626538,0.00603998144747765,0.00208927570416865,0.00148444902972987,0.00260250381832332,0.0037016865417326,0.00230147136392229,0.00263472441741823
2004-06-01,0.0015131093949884,0.00131717561186894,0.00144466945078499,0.00627848493852255,0.00249942676230831,0.00125303760701546,0.00294604628390995,0.00410639665220423,0.00305711453621719,0.00419634629315728
2004-07-01,0.00123208261101531,0.000527424638216964,0.00110498765397998,0.00375143891530593,0.0012441313684101,0.000776561847573688,0.00245250513422922,0.00308214987550518,0.0019771622215252,0.00226050235509938
2004-08-01,0.0011362837392427,0.00139261013668848,0.000822811876776692,0.00326971443333103,0.00157315667834658,0.000958635880592875,0.00294216325339628,0.00266016280644865,0.00160752677687324,0.00191188849274182
2004-09-01,0.00104914269394566,0.00178604053850273,0.00105961800502192,0.00371067750047601,0.00224735712243813,0.000944389583183037,0.00170183515331278,0.00271914901744979,0.0026131872169476,0.00213656056297766
2004-10-01,0.00131398795039055,0.00140106880864129,0.00149981228183632,0.00430350491444479,0.00193366155776408,0.00126772624444485,0.00366478236932891,0.00298174188742471,0.00296191544201941,0.00195037797251757
2004-11-01,0.00138652284679836,0.00139341089133243,0.00117380382442281,0.00346549675881543,0.000995930203807825,0.00154292197563067,0.00207978427019754,0.00249671355405363,0.00229169293439262,0.00213813005919198
2004-12-01,0.00134116664163965,0.00185349476186196,0.00150126917920912,0.00489503245635482,0.00169010806967568,0.00107063440507995,0.0029532760391661,0.00295738123243711,0.00265770212365323,0.00275417416552201
2005-01-01,0.00191414658211988,0.000999496752543092,0.00122815920993729,0.00424658849446365,0.00205117436271046,0.00201723559352394,0.00298279357688051,0.00273419209258923,0.00226498860858556,0.00176396752846951
2005-02-01,0.00150502651667121,0.000917719706403669,0.00150375894801596,0.00475972030047759,0.00141883184811396,0.000900818791000287,0.0016833311741769,0.0017462870840545,0.0017707934113894,0.00168502126571723
2005-03-01,0.00153115500301198,0.00123887056929748,0.00128078445382761,0.00512462149263892,0.00142247563869935,0.00134161522429611,0.00211572387044097,0.00257788935826871,0.00255748879500184,0.0019588249929521
2005-04-01,0.000807591899806157,0.00090973639873948,0.00231297992715681,0.00626715798324229,0.00154517464865801,0.00179078052249769,0.0025861303849785,0.00249469766870486,0.00211136887495508,0.00165076222058909
2005-05-01,0.00144853032027497,0.000908110507752077,0.00137413708658907,0.00416345580249045,0.00110478227496769,0.00141090615611198,0.00146563221307633,0.00257297977196422,0.00129546837970282,0.0018696644305084
2005-06-01,0.00140745553017956,0.00131948955954334,0.00186937549257874,0.00319478204566264,0.0013778705624768,0.000734890597736695,0.00171553366052436,0.00183032333521109,0.0031569132870031,0.00222360617253986
2005-07-01,0.00141862867706247,0.00120823538215676,0.00148455462246813,0.00258250647866852,0.00147804341798362,0.00122044389056522,0.00221787902753599,0.00212712911503314,0.00168436721008651,0.00159850070094704
2005-08-01,0.00135455860863537,0.00160461867616877,0.00127706395511863,0.00424383092248369,0.00174962155877999,0.00145681959471932,0.00236997824389079,0.00279619883823286,0.0022613259461766,0.00204002678097931
2005-09-01,0.00183126314518217,0.00280791123916553,0.0021106343877833,0.00499721472685712,0.00227871763539223,0.00155342690940851,0.0028931041180906,0.00302971972573622,0.00268472694126036,0.0020384890668918
2005-10-01,0.00242587931161815,0.00160618293607058,0.0014366175275922,0.00876035849977487,0.00228210034774708,0.00214300982835007,0.00364487487487288,0.00351125420736227,0.00276501012857492,0.00447668306531177
2005-11-01,0.00278613194942118,0.00193797406788801,0.002407952394473,0.00562483242618994,0.00191678973597183,0.00140758116509761,0.00253309687375564,0.00309722778663479,0.00246993618044998,0.00445184812194193
2005-12-01,0.00218793142838097,0.00213643175518627,0.00151441226488157,0.00413606750344913,0.00168218854396117,0.00133134702032229,0.00349916138886158,0.00221046253540365,0.00254883148194068,0.00237461774371175
2006-01-01,0.0019153902906219,0.000896733885789744,0.00108731584388334,0.00338719899319189,0.00107691289857256,0.00055634951522083,0.0030630432173078,0.00273139732079994,0.00219626981401312,0.0025428959517685
2006-02-01,0.00140664004914726,0.00104427376013977,0.00137987435734557,0.00298911010443792,0.000820265508753318,0.00117604331977885,0.00247562060171935,0.00180236050793839,0.00140869894851662,0.00206425250772108
2006-03-01,0.00123988739317374,0.00149235481725126,0.00211321858462558,0.00422754125419611,0.00153688624336406,0.00122332611899955,0.00251620958953067,0.001983304589437,0.00197704810808231,0.00239255207569678
2006-04-01,0.00168709042666902,0.00176759206223603,0.00170431002785983,0.00395491190349791,0.00201167990911568,0.000971615997191116,0.00289805888041231,0.00292905416255576,0.00283692929618496,0.00212963417727268
2006-05-01,0.00130287958719269,0.00152808320814635,0.00121955817769499,0.00732403049995043,0.00238605791066268,0.00139288243047085,0.00353329939332194,0.00212233778909216,0.00276650661063328,0.00249217480011729
2006-06-01,0.000991881419524787,0.00127009206158662,0.00236554646470507,0.00638145660229324,0.0021568884831587,0.00115933700978755,0.00315784198883768,0.0019493645123816,0.00207221567905293,0.00312835770883656
2006-07-01,0.00106515084639143,0.00112305660616197,0.001099421602174,0.00342313641092513,0.00122074795597894,0.00112069310576317,0.00253839942830858,0.0018088656385464,0.00199400650311887,0.00177380704929757
2006-08-01,0.000950092270987229,0.00174124571072028,0.00151345961345253,0.00378069843651647,0.00125026635080638,0.0026173763473615,0.00315949939059977,0.00250210635340736,0.00139464890296055,0.00264216136312639
2006-09-01,0.000972095749041048,0.00130253906064622,0.00115251241160545,0.00388492084272479,0.00242696956102096,0.00203690027351498,0.00301053475741798,0.00262623572564434,0.00232002748811498,0.00185571424351959
2006-10-01,0.00130707890297544,0.00160132470988063,0.0018335837538227,0.00314028002245886,0.00155655649218504,0.00194072136882068,0.00325277451820675,0.00227858749040362,0.00238189876200882,0.00183741009721548
2006-11-01,0.00135131036987758,0.0016343470175122,0.00191059717289043,0.00293016783305803,0.00160879787019399,0.00160879787019399,0.00319284500392345,0.00229543120437107,0.00190261306435348,0.00171618413001587
2006-12-01,0.00169283066277559,0.00129175866473321,0.000991064248714552,0.00340494784786141,0.00218902028221162,0.000942847942938966,0.00423821327767404,0.00212020246396828,0.00219778688326173,0.0018747376345653
2007-01-01,0.00186741965801552,0.00184909990875796,0.00155359438812509,0.00281646232064102,0.0021079659308757,0.0019391056333712,0.00299209296026244,0.00258587243324691,0.00182162028487161,0.00193392831292885
2007-02-01,0.00168884474780682,0.00149864805423783,0.00125665672536656,0.00319598372586469,0.00199833892104744,0.00255704170840636,0.00347745785049916,0.0022581611899408,0.0031964082720557,0.00207220995828182
2007-03-01,0.00152519877841983,0.000914376173859004,0.00236786645916434,0.00312099141016482,0.0030637732343118,0.00112801546681672,0.00388191883969072,0.00156235343806465,0.00271637716663274,0.00209477971077491
2007-04-01,0.00143429670143233,0.00130128618816194,0.00145602175193316,0.00333812051470912,0.00195392443994197,0.00270942415531776,0.00257153658989413,0.00234187177031393,0.00192333202188978,0.00140193080986987
2007-05-01,0.000949577467460196,0.00186069320131489,0.00150940936771801,0.00281069802137071,0.00213847238846572,0.00182992381443049,0.00355642830072176,0.00167009394366987,0.00112735614723672,0.00152650347154267
2007-06-01,0.0017932946863669,0.001551897408405,0.00221220185549342,0.00399255732428112,0.00198738295005486,0.00133112200845994,0.0030674032673685,0.00158545850400104,0.00175124222923451,0.00173789866110596
2007-07-01,0.00105899445951774,0.00184318918257353,0.00134539961471412,0.00304973825171487,0.00254614597448824,0.00187303168789066,0.003540067193245,0.0016318047699105,0.00261204817373024,0.00184484709953559
2007-08-01,0.00272299356329804,0.00261394312360994,0.00192329033891862,0.0022712715172492,0.00221000722528959,0.00215895364865658,0.00236153424073635,0.00195106348460698,0.00143644343214627,0.00165781174042699
2007-09-01,0.00209081399052809,0.00224562937278085,0.00204928798955925,0.00258186903111105,0.00280240031780963,0.00146953663622732,0.00527984959891166,0.00181464592583242,0.0032571705031771,0.00301446513829127
2007-10-01,0.00171622975806589,0.00308013805891919,0.00229396316329615,0.00358113548184556,0.00320151372323641,0.00232827300153779,0.00395522339557703,0.00266104154018255,0.00311223435920976,0.0021076570524141
2007-11-01,0.00259889048335502,0.00280397405460169,0.00307275782600831,0.00460738886766661,0.0033252281315203,0.00185856986442292,0.0044477499514121,0.00293448178175866,0.0030187680222142,0.00233865186075035
2007-12-01,0.00253440466972072,0.00391379438216811,0.00214925039936203,0.00463215188176734,0.00366210054502673,0.00125936489331236,0.00563176156948896,0.00424072765817025,0.00361059735771133,0.00266786510293803
2008-01-01,0.00411744927639165,0.00274778112174863,0.00219444483848708,0.00639433156987047,0.00263116228297984,0.00137368949391092,0.00400565604474434,0.00452963655135029,0.00404023956244818,0.00307954161134948
2008-02-01,0.00274015830867282,0.0022178806158639,0.00254540391633136,0.00358436061305231,0.00276735194045766,0.0016132222150009,0.00361755284008382,0.00310967177586687,0.00304488694720298,0.00253860550838515
2008-03-01,0.00354210173333194,0.00273324035884459,0.00227507412574337,0.00483417899387666,0.00546405655772569,0.00174054685379195,0.00445924225285555,0.00350533530721888,0.00427298596232675,0.0031417113126941
2008-04-01,0.00407140058789689,0.00409733307571789,0.00339283382324741,0.00425371383560816,0.00569807482394139,0.00169307712152554,0.0058992480627952,0.00454997286313897,0.00490124019816887,0.00241957969699566
2008-05-01,0.00420809936226891,0.00519855742891525,0.00368364165849845,0.00512310185414354,0.00473380083924989,0.00234409791076536,0.00557583530277385,0.00442368671875953,0.00511771217023127,0.0027093526435889
2008-06-01,0.0030079853272852,0.00509025427658065,0.00337993200178919,0.00739545407010592,0.00440327944099305,0.00234393600404747,0.00541951206601936,0.0047104022529905,0.00539105280930917,0.00390603298347337
2008-07-01,0.00530437085344137,0.00490961966102753,0.00281712379845137,0.00785727871434085,0.00470949181547111,0.00244045881604852,0.00456637484929717,0.0062326652411795,0.00570344700911871,0.00275971974059039
2008-08-01,0.00330930523213477,0.00380168081213846,0.0032312893762894,0.00531144683877873,0.00508973851374877,0.00229430302598326,0.00669224787922562,0.00544916870675066,0.00432550155852881,0.00249969170769862
2008-09-01,0.00412098050585879,0.00255794474044112,0.00359407922547936,0.0046306063344225,0.00474211152341486,0.00167375570660023,0.00515240350403819,0.00342446569856139,0.00528236201656098,0.00205931238121468
2008-10-01,0.00221012157211118,0.00197930935519835,0.00409559251781054,0.00258396168737326,0.00410164660874596,0.00161871256385749,0.00481754286185918,0.00306412677468863,0.00632614664682876,0.00204514759412103
2008-11-01,0.00187501201417622,0.00171358161384559,0.00270844338332507,0.00224500882320276,0.00296789999574278,0.00109330511438395,0.00428019983925744,0.00260165738207277,0.00491591025296257,0.00202935115661119
2008-12-01,0.00203424884697003,0.00233602577589865,0.00190422559957139,0.00248537680331601,0.00270544993489277,0.000882049597217842,0.00502829767896047,0.00316975592306969,0.0058431393138405,0.0026290173502733
2009-01-01,0.00221473493773886,0.00158932399225237,0.00155786468915949,0.00206247191076931,0.00245005052487361,0.000753764902105441,0.00440556080512713,0.00258721308635858,0.00469037236246135,0.0021086122219722
2009-02-01,0.00119881969664071,0.00095433220651953,0.00214834087920437,0.0025730230847637,0.00372067098114649,0.000835806070879387,0.00477647205655352,0.00203287630426342,0.00494223370012405,0.00228217481834047
2009-03-01,0.00196221354187356,0.00143226073759726,0.00224229645692251,0.00265221372617782,0.00199079343116427,0.00157393533165263,0.00408039162244784,0.00235212488862538,0.00591277081011503,0.00325606595847724
2009-04-01,0.00171245305313354,0.0017344593997382,0.00442013190373468,0.00293672449893528,0.00201245794153984,0.00109672445731763,0.00431773502565588,0.00245393220097605,0.00722841119595709,0.00171469859870545
2009-05-01,0.00124056410679509,0.00126252909282466,0.00337299816716583,0.0027186246250349,0.00191461461557751,0.0012753420013419,0.00490780156598203,0.00231501800674155,0.00436645618112826,0.00162220573905886
2009-06-01,0.00221791032531773,0.00103419672501851,0.00352951836047243,0.00284036057840939,0.00305658498266148,0.00112942747327422,0.00469759019535767,0.00206839345003703,0.00554822620272387,0.00223033172726412
2009-07-01,0.00144665988966864,0.00117951856490977,0.00237098594306755,0.00229374540028583,0.00131607643060121,0.000829162290745184,0.00420256831665392,0.00252333331197955,0.00382874115932362,0.00161522350513151
2009-08-01,0.00086001603901861,0.00092072305353757,0.00150755752722086,0.00204380282213834,0.000929921086040443,0.000966253314426791,0.00434009163648055,0.00288174358315006,0.00330071396365592,0.00277090729149044
2009-09-01,0.00156562939086449,0.000972240873842976,0.00198897487331266,0.00276474115280404,0.00101541242148077,0.00123215121166235,0.0032308176568937,0.00200219065320178,0.00384226773976368,0.00147708366560738
2009-10-01,0.00174895850375279,0.00134048226239224,0.00209990797595805,0.00290962438708729,0.00109952107838327,0.000935262253248029,0.00214223899477044,0.00146819892598859,0.00326165927003133,0.00109662664974653
2009-11-01,0.00126269939663268,0.00115929942408735,0.00243724546546532,0.00304212144426939,0.00078644965713434,0.000956103231391026,0.00220965464117653,0.00159590788724794,0.00242005833866154,0.00117260558677415
2009-12-01,0.00107703739174867,0.00107092942922457,0.00195949254880118,0.00293443970978998,0.00134549688745054,0.000678565550891072,0.00275352767693347,0.00180592091962395,0.00500096703044196,0.00147405495581481
2010-01-01,0.00175166223618177,0.00168148718864992,0.0017675582414238,0.00305823632558695,0.0025685618226437,0.00101191643126039,0.00318579207496805,0.00211029162273957,0.00419072977221974,0.00243053797224957
2010-02-01,0.0022622473488395,0.00138203563235651,0.00177119603938902,0.00242563187958902,0.00172002615887956,0.00118947529254458,0.00378118485448888,0.00263839085644417,0.00736711621756007,0.00240184237373813
2010-03-01,0.0011746357946731,0.00142205733015008,0.00336854967569655,0.003520208390964,0.00219350288179508,0.00156220806702325,0.00396449855682881,0.00212733200602798,0.00658585163535401,0.00198430427455624
2010-04-01,0.00195984196458576,0.00121126865440891,0.00416240174766035,0.00360920932005291,0.00222762051385547,0.00152824049002626,0.00375354056584646,0.00249261453748285,0.00865569795914964,0.00219931116982522
2010-05-01,0.00232177655682106,0.00171581428582573,0.00304325505367582,0.00355112811564397,0.00181639306868609,0.00195680503287728,0.00486163978142845,0.00196327792484355,0.0121207391642065,0.00399477017271615
2010-06-01,0.00211017856941225,0.0017368495771066,0.00354283415278832,0.00326495606174122,0.00178948138247347,0.00114228858936055,0.00390367424212557,0.00216058021353476,0.00673820918370554,0.00205085628031231
2010-07-01,0.00103038333469254,0.00142738964763821,0.00261985575408014,0.00183886763663294,0.00191508513049128,0.000962366457261991,0.00374141064788171,0.00158657808417779,0.00306992487920567,0.000962848846463626
2010-08-01,0.00205855553445833,0.00255019151637208,0.00303093855073513,0.00285562649516899,0.00149505249871002,0.00108617251818153,0.00389334319674994,0.00250282459452657,0.00411983330580434,0.0024467465146405
2010-09-01,0.0021206399572643,0.00216071094541383,0.00327697418672228,0.0036527047509296,0.00227051586099243,0.001184435961407,0.00508068905589481,0.00260097141261521,0.00446505296523379,0.00180787808872053
2010-10-01,0.00115434420802266,0.00145645773121609,0.00274106647660241,0.00399361010509922,0.0028227323211804,0.00116837269666182,0.00347806314760993,0.00254466763565411,0.00540948542275201,0.00273705833699122
2010-11-01,0.00164236950739961,0.0022393066393911,0.00405177681626085,0.00495352166963207,0.00351083555682785,0.00184205290199499,0.00481300372528717,0.00193449891801137,0.00673957869906856,0.00373904515065114
2010-12-01,0.0019050532825188,0.00315167554028863,0.00388731671777689,0.00442886015018443,0.00399884249395587,0.00152382815336854,0.00824057526007077,0.00322674096656294,0.00923090270527544,0.00319617861443697
2011-01-01,0.00185929291657655,0.00435320492634139,0.00300047907259425,0.00467248884344768,0.00545321135453443,0.00208888400184556,0.00583793155147169,0.00447843642739721,0.00739317140917847,0.00373212437380778
2011-02-01,0.00361428318812681,0.00394636590943459,0.00352522707869694,0.00507297934198116,0.00447265532720992,0.00163841782047488,0.00646783406799121,0.00370333929755668,0.00706440270465397,0.00400752492434426
2011-03-01,0.00274372700823068,0.00424588196659128,0.00519301005206529,0.00648610979570468,0.00281586577950772,0.0017519415881566,0.00433274293608812,0.00439899282807723,0.00744599711963586,0.00401572493442169
2011-04-01,0.00219342835615139,0.00329903180821351,0.00364015769744273,0.00644527921978527,0.00320069421473864,0.00248010744221373,0.00544579147593614,0.0041040666836095,0.00812924106058944,0.00500632799323205
2011-05-01,0.00161118141055038,0.00243785011130501,0.00339355727218988,0.00432458775544027,0.00163431579583269,0.00151967206432257,0.00304859788275806,0.00246561137364379,0.00649613538727333,0.00256020530457591
2011-06-01,0.00316822323094084,0.00224491246078094,0.0032015114750263,0.00400568537161718,0.00281022860595158,0.00165098010578244,0.00413591832654802,0.00334225650703676,0.00753774327036928,0.00294688560798663
2011-07-01,0.00412516150620384,0.00198103377419628,0.00349191069932747,0.003159347775582,0.00257709703368897,0.00151300192783883,0.00410816148454273,0.00316094152761273,0.00684888372671988,0.0020038775533034
2011-08-01,0.0014856252465542,0.00181330570873743,0.00474293762224377,0.0075519283366505,0.0023859562913631,0.00146191846070493,0.00401224180062296,0.00306186309679893,0.00985833519105272,0.00340798217019826
2011-09-01,0.00242928327181025,0.00143253633946497,0.00460976297824266,0.00311438713458575,0.0018519772576892,0.00116431894352377,0.00453823833932501,0.00351901223474847,0.0116007855421651,0.00407026284469237
2011-10-01,0.00375120091022112,0.00314889098207075,0.00523574548508783,0.00248000719763221,0.0035661570419556,0.00134930004791911,0.00662278819169,0.0028747325030258,0.00770788962882774,0.00270541474254488
2011-11-01,0.00527192486060273,0.00167518616784198,0.00513534649633841,0.00439887393211312,0.00234757196114324,0.00135475231322185,0.00563543343010623,0.00211118633068577,0.015556275689706,0.00459323545048927
2011-12-01,0.00332725054736468,0.00162431850088065,0.00493096687767342,0.00285936441042876,0.00305725368039586,0.000812159250440327,0.00634655286091754,0.00279755789871301,0.0136131552865862,0.00361080147392028
2012-01-01,0.00266906226018253,0.0022067435173746,0.00363118504926929,0.00344484506245011,0.00349265240600722,0.00129840398978959,0.00427332459568406,0.00331228833713268,0.00967283809129858,0.00383436625938699
2012-02-01,0.0042670872637073,0.0019076131118289,0.00365176370368862,0.00247065068061164,0.00257192038995282,0.00129614220379604,0.00618625833149362,0.00299681286610167,0.00661555383848339,0.00155426988684502
2012-03-01,0.0028440284138833,0.00242730981206297,0.00393043712884799,0.00287647365782065,0.0030939581835882,0.00166383266566221,0.00608551106599913,0.00229398013775792,0.00694987264276759,0.00307215903531779
2012-04-01,0.00393692887752843,0.00231743788197337,0.00557664184413038,0.00357871110469784,0.0036203105879943,0.00145944853898398,0.00521495744769175,0.00336898037641154,0.00695578026952814,0.00327827039200122
2012-05-01,0.0042296217295619,0.00117069887157517,0.00397485240363413,0.00226643243264504,0.00173209322693813,0.00146266902828,0.00464672195342594,0.00283289962856851,0.0128399231075986,0.00251669256696347
2012-06-01,0.00270057162800649,0.00172194555623034,0.00430564305146102,0.00202114333613642,0.00241799594698408,0.000847727043067243,0.00482144755744495,0.001657015482466,0.00935356670619599,0.00189128318860774
2012-07-01,0.00396583371372015,0.00219106538240072,0.00592054980260376,0.00186501078884415,0.00279805334075149,0.000796604550649734,0.0061628078284588,0.00201756351465974,0.0101904146529846,0.00269277047363932
2012-08-01,0.00307624874941806,0.00342998796639127,0.00481715867222579,0.00361540716320351,0.00261777707545581,0.00116434706009761,0.0058404375249504,0.00236289247349777,0.0125443834707901,0.00445486986692694
2012-09-01,0.0040939661803637,0.00190256663856195,0.00400579018641966,0.00368982620812015,0.00246553644605087,0.00124294237617283,0.00710777643491282,0.00232196784052659,0.0131280489445157,0.00757239609531031
2012-10-01,0.00309122566359686,0.00150350820638047,0.00492091147448101,0.0036460473732183,0.00368602011886826,0.000761614047117227,0.00604494508215786,0.00231788627775565,0.00970165185421615,0.00277570745793318
2012-11-01,0.0036090471346524,0.00189120373868248,0.00645091846697617,0.00274111970457848,0.00293643151925789,0.00100357626966395,0.00462162913640532,0.0024079076172868,0.00583515153539324,0.00132834548312222
2012-12-01,0.00272001242701672,0.00238766167367062,0.00478450430737843,0.00363810843073524,0.002026543912208,0.00109865488444982,0.00427587912131837,0.0026826765228655,0.00641014629796268,0.0030792939964719
2013-01-01,0.00313725323246419,0.00223142659492171,0.00452233523921301,0.00428610652885953,0.00286193631823927,0.00209150215497613,0.00563153383602862,0.00330380297069902,0.00829576315207758,0.00416317696016239
2013-02-01,0.00334673174047082,0.00130928130456406,0.00469396322777587,0.00363372999744954,0.00183761900491125,0.00195680629758216,0.00524898465036281,0.00224676941258752,0.00704509564290111,0.00378137992717619
2013-03-01,0.00354709369869753,0.00164031345484605,0.00670430441137659,0.00298162312329232,0.00302145289596471,0.00132728510060388,0.00566704737375335,0.00141704233479518,0.00791939296924134,0.00312972255970797
2013-04-01,0.00349791240584862,0.00229854542033331,0.00591691573684691,0.00407993259920588,0.00398958916620714,0.00154742085238866,0.00728133322495608,0.00209121882409261,0.00854498303779742,0.00373766997803758
2013-05-01,0.00211781622523158,0.0016096375902449,0.00512980801513471,0.00415235437272013,0.002718998844851,0.0017895668677043,0.00507449191969956,0.00207222603668613,0.0077582343520754,0.00386726372701588
2013-06-01,0.00184216660683359,0.00134831166305999,0.00390525293999431,0.00403090833988937,0.00477198297740999,0.000662174735260934,0.00734996422828023,0.00164579351676504,0.00645985644204687,0.00326061151634664
2013-07-01,0.00394270105286987,0.00130584883692833,0.00360967678918086,0.00302893496974288,0.00248975282853211,0.000581835495180796,0.00567836445672687,0.00216219694355721,0.00730411344843035,0.00363155030403728
2013-08-01,0.0027668832636999,0.0017040188335424,0.00442158252775115,0.00348949807961512,0.00247041169428683,0.000889414708239203,0.0048704460253672,0.00245711203509821,0.00425145772063001,0.00308552093176067
2013-09-01,0.00421250177569842,0.00132717840525762,0.00230204487519729,0.00230087245611137,0.00175393895253127,0.000723382576010556,0.00480633204271519,0.00176038725750381,0.00446984776505712,0.00291053038078801
2013-10-01,0.0027882928550114,0.00211086719908962,0.0054210656043741,0.00224424921140755,0.00345907708293396,0.000926479205893031,0.00645657491992121,0.00259790525236672,0.00664972978423224,0.00293053010466165
2013-11-01,0.00355297846658617,0.00153381792917356,0.00749039788418166,0.00359525569726901,0.00207778496395948,0.00138894795203369,0.00499547757748479,0.00259131239265375,0.00644643213451998,0.00528239904971902
2013-12-01,0.00325864505693536,0.00217371322167691,0.00348897653467504,0.00377961764725462,0.00139738707107801,0.00134926768157808,0.00707996617508993,0.0022481378774368,0.00657054223825065,0.00398556863431433
2014-01-01,0.00158511068373478,0.00279926307224188,0.00333155878475906,0.00356002198880405,0.00344520156409072,0.00122062943810632,0.00586938458226906,0.00272153847705132,0.0045916393431515,0.00380143929204746
2014-02-01,0.0022848399433248,0.00141215388096438,0.00258527285003905,0.0041202227206525,0.00224192095665134,0.00110099122758177,0.00298942664121416,0.00209230060033135,0.00551687807865146,0.0033142995264508
2014-03-01,0.00165176418453568,0.00161554609942626,0.00333425886552785,0.00211985549663168,0.0020792473405999,0.00161554609942626,0.0041689210996404,0.00248203634772588,0.00385448226982679,0.00345937588681494
2014-04-01,0.00364298387611525,0.00166266393810314,0.00280342089746911,0.00297413813350463,0.00296499256728844,0.00171144029125615,0.00438438444404096,0.00223700549647981,0.00491116905809344,0.004502667100437
2014-05-01,0.00275278277321753,0.000775592411762137,0.00216367471340114,0.00269689449648761,0.00237240031833124,0.00123182324221045,0.00473795717420576,0.00277502402620188,0.00609410331771338,0.00501055509539863
2014-06-01,0.00142417673434199,0.00167674604912984,0.00576861064181714,0.00248702224800664,0.00252388044944697,0.0010731174714431,0.00554866989879615,0.00249306457611161,0.00597767519424919,0.00548220428964145
2014-07-01,0.00345468617998232,0.001849422662389,0.00480363783516569,0.00346407691632062,0.00238579942618223,0.00141634399831702,0.00571619644874593,0.00271447519802257,0.00659063972071779,0.00350550663546015
2014-08-01,0.00308061207409547,0.00197963324838227,0.00322074740260998,0.00469009884294151,0.00435424708515145,0.00116720311598166,0.00597674219672879,0.00265902351193999,0.00520806739896984,0.00533755953797693
2014-09-01,0.00250855868752979,0.00111370615093482,0.00343559738077579,0.00274561490680332,0.00260246501593766,0.00052450120013177,0.00301817229901153,0.00178021204280532,0.00500738318248071,0.00339437021220648
2014-10-01,0.00287163603478768,0.00187706140659293,0.0026633166651658,0.00309089080438971,0.00347253626369698,0.00115696531789999,0.00520907778054497,0.00200227173636566,0.00755909523627944,0.00370217966328015
2014-11-01,0.00236065635998715,0.00213480901024907,0.00484149370042617,0.00474163317560625,0.00286808716633952,0.0010624695373282,0.00406699404862517,0.00248896552269181,0.00474743902007253,0.0049564494208584
2014-12-01,0.00505761654374066,0.00184131739942032,0.00263538167772503,0.00317256092573257,0.0031657845820077,0.000793448247057,0.00643136622614525,0.00252511208438404,0.00458820073298178,0.00462762673283554
2015-01-01,0.00194125054355015,0.0028432631445313,0.00382508462618488,0.00350642326810433,0.00358738047799507,0.00132976523480099,0.00363848112820979,0.00475465712840544,0.0103269246602464,0.0079739980919327
2015-02-01,0.00260670712570279,0.00174408206895659,0.00241352771158639,0.00238740596691027,0.00311273999349828,0.00138688239757154,0.00639436010373983,0.00321783445463708,0.00700791736241143,0.00314858145712365
2015-03-01,0.00218641200745968,0.00110673717654547,0.0030490242744564,0.00263406830811026,0.00338617599711264,0.00106106946829271,0.00461976791880469,0.0022151657496929,0.00457748300375583,0.0045019339555352
2015-04-01,0.00123880775202135,0.000892575362778054,0.00345469504317844,0.00237550629094383,0.00241834521368071,0.000769340105589762,0.00340422727118704,0.00138434272241514,0.00373461512736327,0.00282502156240207
2015-05-01,0.00224293112465769,0.000988131193014967,0.00312338135433128,0.00392908832709733,0.0027921040376987,0.000927323119598661,0.00519782344223129,0.00132257559680465,0.00426353273088701,0.00216375394573021
2015-06-01,0.0014599747974457,0.00156874082820096,0.00326716423153321,0.00345242505314932,0.00232651735016623,0.000818733308432503,0.00391916280051121,0.00254763510499837,0.00635743425920071,0.00336039225789487
2015-07-01,0.00167454791831939,0.00195990986914257,0.00192170725503643,0.00294970487098362,0.00207278122900164,0.000890815501656946,0.0051758753838963,0.00185166912917516,0.00702349272066626,0.00181288768758256
2015-08-01,0.000998118590195386,0.0015889520104733,0.00283720007910107,0.00550764717258055,0.00320429657982197,0.000873353766420963,0.0034808186171297,0.00189066694488934,0.00487962423752372,0.00286599196151055
2015-09-01,0.000714691686913187,0.00182087428963961,0.00260150128868976,0.00296767775430756,0.00159010069716023,0.00122627906411875,0.00454482687229802,0.00208814778705195,0.00394316714904821,0.00419336811028223
2015-10-01,0.00130092431398052,0.00109789958226301,0.00238428217992216,0.00271762306175036,0.00305152324036014,0.00119353933191506,0.00472829499156977,0.00174444666178213,0.00322490524265334,0.00364773360953608
2015-11-01,0.00130493625670223,0.000915942100325933,0.0020385188438411,0.00316524012174689,0.00201720409554651,0.000755489411774978,0.00357732525544233,0.00127947697401703,0.004051578404997,0.00440327175185776
2015-12-01,0.00240418136280804,0.00268572945533495,0.00266494402568531,0.00373066969135762,0.00539602350934674,0.000783547711640872,0.00617642191346494,0.0028438246929731,0.00470758488489057,0.00503574272875303
2016-01-01,0.00119085724772341,0.00213259404847988,0.00246106397114739,0.00358056820196175,0.00239955274967407,0.00112011934302909,0.00404190236301162,0.00383399443443181,0.0045905824585536,0.0035239778782063
2016-02-01,0.0018263264543327,0.0021505812357073,0.00189241266691762,0.00281453150233146,0.00394726153860004,0.000403311185214493,0.00629177801497709,0.00154839378458305,0.00619666327910721,0.00193997003485256
2016-03-01,0.00105084711717222,0.000932055703926665,0.00607907442449947,0.00284002855667066,0.00169171156196363,0.00125066036611859,0.00392072582383792,0.00166795327931452,0.00461824463494644,0.00601206388369428
2016-04-01,0.00278555800088119,0.00171427669527486,0.00378602483625971,0.00309147651226534,0.00297590729685355,0.00134150932399566,0.00501196494484358,0.00220374631348949,0.00548557212172719,0.00427152884414159
2016-05-01,0.00357190959234672,0.00174357396304207,0.00253556578218309,0.00265873507847091,0.00279581058562993,0.00168066491386281,0.00415464604790199,0.00136015986330741,0.00558698576763613,0.00307327260253636
2016-06-01,0.00133847935190567,0.00158326640974767,0.00241065829409249,0.00175362889893462,0.00232867498018341,0.00068959014394445,0.00419975515152678,0.00131929176779929,0.00516843742792767,0.00299849609807886
2016-07-01,0.00186530264486215,0.00206619067226807,0.00414987609767358,0.00370707786309117,0.00323049665693299,0.00101107607787483,0.00544871070129202,0.0013567482691769,0.00500832553610788,0.00196484175754076
2016-08-01,0.00223332930791665,0.00153381802774493,0.0025878354490563,0.00251776555851278,0.00214782028894829,0.000964945526552659,0.00359197260930279,0.00186516547624732,0.00444646898635465,0.00350408833980753
2016-09-01,0.00223555689128306,0.000963653706818135,0.0030747137216924,0.00268685806826497,0.00125095419083845,0.00116655967365748,0.00314893301339764,0.00169746702642002,0.00506666374423324,0.00470215125513246
2016-10-01,0.00154171746518398,0.000930122172735804,0.00404197585822236,0.00290581771087672,0.00272997666358039,0.000992288199557738,0.00433859661477274,0.00153698100599755,0.00535042270847451,0.00271991168780922
2016-11-01,0.00161380038358836,0.00210518952837023,0.00352350378301876,0.0060630409109483,0.00440348845462935,0.000923360013290245,0.00445161725841089,0.00157399013848511,0.00589726392014523,0.00304221574520338
2016-12-01,0.00270258790690756,0.00205780168937733,0.00255846659492315,0.0038731036059809,0.00257037226852186,0.000894805363103174,0.00581686147457057,0.00200453946538309,0.00584192605056785,0.0036882523580009
2017-01-01,0.0023979442850146,0.00168457290428268,0.00545781787899679,0.00683187900070198,0.00418292219683731,0.00191823147121225,0.0067165991772301,0.00448165808346875,0.0079722815554776,0.00487212200167997
2017-02-01,0.00322428871871251,0.00190165492866917,0.00529119090325224,0.00391544192382193,0.00315477995235426,0.00137181452095721,0.00513709127972216,0.00263018548927311,0.00690825333569989,0.00306625463670932
2017-03-01,0.00183962223505418,0.00211901486200303,0.00384596023516014,0.00361140840019074,0.00290200407579797,0.00116988476510477,0.00404659403517074,0.00312908244543747,0.0043334601274495,0.00422825673088234
2017-04-01,0.00205094438293662,0.00116430025228421,0.00296144440948102,0.0038606791518542,0.00565318466262756,0.00126900112869907,0.00443785929968547,0.00275005466532697,0.00480431236713747,0.00306415729457154
2017-05-01,0.00245187335277053,0.00168570142339436,0.00321003866230596,0.00300679369711774,0.00395034305065818,0.00112092677770469,0.00332582670307985,0.00201274104919721,0.00392693908496984,0.0018433702448737
2017-06-01,0.00167752735206047,0.00170608911174368,0.00275779657385651,0.00334109117716471,0.00342106410427769,0.000946981009941061,0.00513603909681171,0.0015442391402055,0.00616362773963649,0.00452545214536177
2017-07-01,0.00166048364675394,0.00191490268071254,0.00294978590096925,0.00405534107510335,0.00225597167551211,0.00132924727162427,0.00417333251114212,0.00182333641003662,0.00396070211078058,0.00450764157991863
2017-08-01,0.00187503053094438,0.00253119774566171,0.00204016283094447,0.00417566619736069,0.00263090026641648,0.00111043682490624,0.00565998747509731,0.00246888367018998,0.00443302332905893,0.00431898857094567
2017-09-01,0.00250803012031983,0.00138793315513739,0.00306958330060742,0.00340302431012438,0.00214509703595389,0.00122602768300732,0.00760714967379944,0.00274577235634726,0.00433834439819182,0.00430463916979299
2017-10-01,0.00177026345291849,0.00141264091165552,0.00281954456329078,0.00333462301844315,0.00182126131976526,0.00130745781128406,0.00328490009826755,0.00196915513362089,0.00469180374990281,0.00467905428319111
2017-11-01,0.0021769118247015,0.00232191844083482,0.00260407714806091,0.00272854116024201,0.0029400091421031,0.00151834010976266,0.00749442527715719,0.00221135089603316,0.00492780817159739,0.00409764529423412
2017-12-01,0.00235999718143063,0.00357894071858139,0.00287593450600291,0.00430724450320343,0.00182541954061573,0.00075226990550539,0.00495832412053464,0.00223617222353328,0.00317551101704488,0.00257369509264056
2018-01-01,0.0035740870094198,0.00212036576096117,0.00340007667080782,0.00594195521385632,0.00586040268458858,0.00108104515540954,0.00457832106168182,0.00302028843857842,0.00597704176714592,0.00299468473752924
2018-02-01,0.00360942331538779,0.00209233292105882,0.00460293372424763,0.00899176595538595,0.00237548338758387,0.00193784205248111,0.00364469293490231,0.00205507628072657,0.00577279223068008,0.00250314947512236
2018-03-01,0.00189837141144421,0.00118146517246868,0.00153807297345201,0.00438355410730083,0.00338385280751964,0.00116116666891983,0.00442322845514632,0.00166309330212792,0.00402971428407417,0.00228588829737693
2018-04-01,0.00200792809335775,0.000897607568857726,0.00147511810543247,0.00546014632756214,0.00202899386915808,0.00176746996958819,0.00563072773160379,0.00137544101993826,0.00247188896037465,0.00190619581022448
2018-05-01,0.00318697906144613,0.00196317081187114,0.00253984252303835,0.00337557609906056,0.00434032248378056,0.00161602791296545,0.00457244191469063,0.00177301940306757,0.00547760407049398,0.00143986584486405
2018-06-01,0.00340799287674754,0.00140874154353314,0.00273174161877532,0.00252338063131557,0.0057105661784321,0.00075738296990345,0.00565063934575562,0.00188492937549313,0.00598300277929207,0.00299864651200362
2018-07-01,0.0020989436718109,0.00219916739294604,0.00425543206389078,0.00428036810934067,0.00510085991250916,0.00103388680749927,0.00557608339406378,0.0025156633544254,0.00415952419677582,0.00266863640247377
2018-08-01,0.00157800777644485,0.00214808085604339,0.00246652566858722,0.00450277173927296,0.0096628097806267,0.00125245482076388,0.00370523807928597,0.00204524971865945,0.00599311241702643,0.00286742494152185
2018-09-01,0.0028111178127597,0.00254634006170591,0.00386814804879369,0.00307069364336057,0.00540479535058721,0.00172079528582699,0.00488096196097784,0.00317629262855491,0.00515874451316394,0.00258639484919342
2018-10-01,0.00283646017496566,0.00150870617888531,0.00478296882171155,0.00352093147514093,0.00443309708206821,0.00170261657426965,0.00577890001709842,0.00294058866890713,0.00425954959216576,0.00211218865043943
2018-11-01,0.00187530682712106,0.00263465083589512,0.00323497484778837,0.00380895235132266,0.00317851804416204,0.00171346399005894,0.00544525870975896,0.00154503452590707,0.00393550968611834,0.00174357428532631
2018-12-01,0.0015656824174215,0.00151410139505333,0.00341228301820194,0.00326626904719051,0.00160853434369659,0.000869735392546356,0.00330753386508505,0.00170296729233985,0.00404633281623528,0.00388603486979882
2019-01-01,0.00180712643719644,0.00134548243326795,0.00239131594034959,0.00488587226703228,0.00293689521771962,0.000721003998862863,0.003305371068128,0.00131526573482899,0.00381485817791817,0.00187847141962175
2019-02-01,0.00240810925487609,0.00180549876971982,0.00297261920613216,0.00126820348553533,0.00352468816672694,0.000733240887099825,0.00533329718411209,0.00128297716194561,0.00308536568400011,0.00134906992483372
2019-03-01,0.00103300797574985,0.00170553920996199,0.00293881204212168,0.00246475224769481,0.00251317449655808,0.00081959139742653,0.00511422640771988,0.00116452519488467,0.00353601977810206,0.00266501710410465
2019-04-01,0.00229037975997207,0.00112865869292708,0.0033392997859089,0.00279409475388611,0.00402712682393051,0.000949084621737648,0.00489193480575976,0.00255747188029715,0.00445628940561789,0.00189622439793895
2019-05-01,0.00125577847953119,0.00142901086938683,0.00285739635108466,0.00189304853463192,0.00329641850876936,0.000701684987068721,0.00611566621082444,0.00111006314799196,0.00321199117075307,0.00160411942230951
2019-06-01,0.00160359682435862,0.00144956004886444,0.00472200071602246,0.0041495758428978,0.00382737664874185,0.000999557416525552,0.00485384005225328,0.00202669346971163,0.00328925690902419,0.00512962641885858
2019-07-01,0.00178969521320087,0.00205338998197774,0.00589292771389926,0.00343985687162294,0.00379992439221737,0.00157684741777559,0.00313241005600866,0.00164188424415554,0.00578532132843426,0.00693529066760693
2019-08-01,0.00229886361314004,0.00257267957949023,0.00646086630166287,0.00352924970541359,0.00381854222638357,0.000912521470467033,0.00503761852874266,0.00188873491571552,0.00471677764643234,0.00388461520956807
2019-09-01,0.00242428121409058,0.00123356569543977,0.0054413232070951,0.00127316964671441,0.00340204433900231,0.000705080181709257,0.00628923731143423,0.00118487231272504,0.00615289583983299,0.00556208279622763
2019-10-01,0.00227511504475433,0.00168477552967125,0.00444455202816662,0.00170785464651606,0.00357179700432467,0.00073185094205258,0.00567017460166215,0.000994224059867281,0.00448342211969473,0.00325901423655945
2019-11-01,0.00231924706368606,0.00173270603840297,0.00411830672928221,0.00125758902859522,0.00144287840264409,0.000581533204362847,0.00248575710928403,0.000883254414807296,0.00255649257978242,0.00170453704572662
2019-12-01,0.00340954377242719,0.00201985886114734,0.0050180008628095,0.00188226629567409,0.00210723014022285,0.00069897023260412,0.00583254885041115,0.00157474691184137,0.0064881774248912,0.00336826600278521
2020-01-01,0.00247462550718036,0.00251957329641269,0.00457531037894168,0.00281672812522648,0.00358271336672756,0.00084089822355498,0.00384178742966395,0.00186595752799245,0.0043480743333782,0.00322812525167246
2020-02-01,0.00304403648960733,0.00132229639367558,0.00299943522236033,0.00246487591638533,0.00304928369751874,0.000831682453958649,0.00479266852608505,0.00172698730384316,0.00492647232782604,0.00241765104518263
2020-03-01,0.00105064806176031,0.00168318753301877,0.00216075483381891,0.00162815659901929,0.000435819695697081,0.00033777607765202,0.00281037287080135,0.000593954563511697,0.00361053530194331,0.000844440194130049
2020-04-01,0.00119955974663858,0.00237205104293734,0.00284361194096272,0.00374969269970635,0.00129928561631162,0.000571999095338943,0.00378388442645139,0.000750793333109896,0.00587884001722578,0.00101506688774345
2020-05-01,0.00298471172343193,0.00149800070658298,0.0035971773915026,0.00194676587351033,0.00105135235648075,0.000277303004091903,0.00267918449500498,0.00136887488025011,0.00827463696942938,0.00227769490383884
2020-06-01,0.00164982337475471,0.00304646980667186,0.00484444342544965,0.0018209264734856,0.00191482451547206,0.0010224453460748,0.00558797680977208,0.0014863712275931,0.00572638947907064,0.00241422299062968
2020-07-01,0.00151537263368481,0.00111424458359177,0.00237643608689379,0.00313164630466155,0.00183478941431446,0.00028351334404724,0.00297317596388405,0.00108700749377064,0.00313474142850486,0.0016837473707609
2020-08-01,0.00162665698719035,0.00172836379681027,0.00367318054742703,0.00541327974534729,0.00311835686161581,0.000797355308751022,0.00528679820005073,0.00153146984485376,0.00556323209286384,0.0028021529983744
2020-09-01,0.00182421463769967,0.00125478808822109,0.00228859511955791,0.00379895260400167,0.00160003095680259,0.000856381661026848,0.00343769661535609,0.0022732225242964,0.00471938674528483,0.00428895407796244
2020-10-01,0.00309037481563757,0.00166727037884707,0.00342849676971101,0.00356733622695887,0.0025643408375304,0.0006319589088523,0.00415261635277094,0.00155595943467422,0.00539139944114619,0.00305686184319844
2020-11-01,0.00278781536679363,0.00241115281264044,0.0028160010000976,0.0030440483968298,0.00259179709881595,0.000522074798698714,0.00392420885500408,0.00111397309808229,0.00525085536801639,0.00236182795435848
2020-12-01,0.00390714992071007,0.00187822231324011,0.00499433396467386,0.00308978758257264,0.00198088618179844,0.000458038798183293,0.00402560823058506,0.00237048240094285,0.00497459091302803,0.00222372571704216
2021-01-01,0.0011187212176385,0.00285312877987983,0.00372812605903344,0.00546820161984418,0.00227782692508409,0.00123420668849035,0.00521101618475692,0.00257681384962079,0.00514937670031452,0.00210353596907455
2021-02-01,0.00141862749742679,0.00426250540309936,0.00340814990745018,0.00741368637077288,0.00240146746296431,0.00161334107550498,0.0042446235438881,0.00261936122890895,0.00519633582857638,0.00275513090069816
2021-03-01,0.00291311862024274,0.00385522624032518,0.00552676312818349,0.00841918871955315,0.00294358335719476,0.001518063590383,0.00362990214815171,0.00404203830654043,0.00724370971829103,0.00380464328085767
2021-04-01,0.00293611789631301,0.00244342866057806,0.00689183776277739,0.00420367880030739,0.00300585634645636,0.00143544976545059,0.00442193432020047,0.00292320336850869,0.00305945163684431,0.002057930005619
2021-05-01,0.00342524187408064,0.00454810414647256,0.00667096230278798,0.0105576357246722,0.00182115291352075,0.00247780550077974,0.00730440679444738,0.00274265082703388,0.00680748051219734,0.00262387998484774
2021-06-01,0.00361818435359283,0.00703402997871835,0.00614067383515204,0.00824990179250831,0.00392905021823807,0.00235448702216514,0.00450050383924274,0.00620198860135426,0.00776306254886271,0.00493215979330635
2021-07-01,0.00317134613718098,0.0048632310167,0.00717564685680685,0.006781393232545,0.00219754545763524,0.0016503237361122,0.00396966643345352,0.00486496273100862,0.00551955073966592,0.00497348349434863
2021-08-01,0.0045081446250971,0.0056296830440237,0.00499508707589156,0.00542296811975096,0.00490775159116843,0.0016128790595992,0.00572707153418259,0.00485371668695124,0.00537333140541191,0.00364861266033991
2021-09-01,0.00830004796403586,0.00683862763796734,0.00661668296227937,0.00601435925779692,0.00439109004514979,0.00183018994105777,0.00618372011801421,0.00417051118285067,0.00839770362133857,0.00522696783912543
2021-10-01,0.00855383584035229,0.0131285411838303,0.00705410932444794,0.00836681958417237,0.00777987625708463,0.00353964229485147,0.0118057608180039,0.00827115357620341,0.0119467423034318,0.0062341149704283
2021-11-01,0.00938393865990294,0.00950793663429716,0.00790023875939277,0.00774631023945511,0.00856868760986277,0.00333440529994577,0.0104635761955768,0.00668947692895723,0.0106460099969844,0.00830572638830261
2021-12-01,0.0056705023725102,0.00760640354984931,0.00715170023064498,0.00823781621585342,0.00777808458190276,0.00224981168364605,0.0125549835909214,0.00746345574491778,0.0112957499123034,0.00896261187000376
2022-01-01,0.010442201880541,0.0120762124315758,0.00955401127142027,0.0136921556390566,0.0113195520835292,0.00488251892206621,0.0146302121163867,0.00990379504262809,0.0143931685689566,0.00859499667556742
2022-02-01,0.00843202608150871,0.0115340279315488,0.00602476148791658,0.0113478383468207,0.010496785207672,0.00581772978549509,0.0106093326432166,0.00750316236963781,0.00936853190320054,0.00680217247788183
2022-03-01,0.0102404879584748,0.0217995397326087,0.00521934140339176,0.00963832908813546,0.0118184724195317,0.00397715203564777,0.00784573874037484,0.00781670382629139,0.0120356030813731,0.00611437418970322
2022-04-01,0.0110761056275819,0.020024555388704,0.00950472906095053,0.0122583865653575,0.0148755982037688,0.00775717239262148,0.0162228137048358,0.0111623214220297,0.013209759114525,0.00657189264460423
2022-05-01,0.0188665490008417,0.0228005759911644,0.00963218191397824,0.0150055752787709,0.0163856310790165,0.0092958475601448,0.0223615330819668,0.0117463868951721,0.0205699197605787,0.00837219386155276
2022-06-01,0.0268600144180446,0.03189272505956,0.0125016141509861,0.0149392984134122,0.0178669057594766,0.00748903733482571,0.0224208787758842,0.0119304100686923,0.0217229061635774,0.0113472748306326
2022-07-01,0.0263401584216455,0.0266633989170922,0.015347831417951,0.0150410754710526,0.0208500870355661,0.011516248959729,0.0295331438034972,0.0134048048477602,0.0208250018529926,0.0100290559928733
2022-08-01,0.027468733396156,0.0294530056809815,0.0153176227035137,0.0188460016472381,0.0155990747623994,0.0137036820751168,0.0249011005782518,0.0151384527211655,0.0178161269455513,0.00856418407752062
2022-09-01,0.0311707928503266,0.0289229168227141,0.0111665357103264,0.0155739914895076,0.0219107209002437,0.0109634542754259,0.0281709268717419,0.0158219568647304,0.0218798172036284,0.0100024964711503
2022-10-01,0.0263542082720398,0.0234842459551157,0.0125525917367192,0.0118137824611265,0.0201291489344318,0.0102107598136959,0.0279751457903625,0.0123526617775627,0.0211725110151912,0.00800221453011036
2022-11-01,0.0281986115124978,0.0239717041516882,0.01319091774225,0.0128043377709318,0.0205336896393246,0.0113501677625426,0.0227385440106225,0.012012448178522,0.0212604000505237,0.00672244589658713
