"date","Topic 1: Central banks","Topic 2: Corporate Culture (+German Economy)","Topic 3: German Politics II","Topic 4: German Politics I","Topic 5: German Economy","Topic 6: Financial Markets I","Topic 7: Geopolitics (+Energy)","Topic 8: Miscellaneous","Topic 9: EU Conflicts","Topic 10: Financial Markets II","Topic 11: Geopolitics","Topic 12: Companies (Cars)","Topic 13: Society","Topic 14: Companies & Markets"
2001-01-01,0.0053231662646701,0.00264822585281427,0.005855134440367,0.00613970256928783,0.00606304339986426,0.00241011782657439,0.00169230924015368,0.00581332034795414,0.00168534022475154,0.00896215380715567,0.00226957601596451,0.00612692604105057,0.00588649500967664,0.00480978213004557
2001-02-01,0.00476384596918576,0.00412932489425404,0.00236031964060201,0.00751672923202179,0.00543910477850024,0.00261709081489345,0.00224057539105264,0.00382564360158245,0.00123571127627752,0.00974619433187913,0.00332321154419488,0.00291830315396609,0.00415771786064204,0.00681801536351722
2001-03-01,0.00635003480792926,0.00435303889378547,0.00366531732422155,0.00490082973389552,0.00704968845519854,0.00205448683399693,0.00215211292431357,0.00567966898775497,0.00182343842024754,0.00933196949993431,0.00285827497760396,0.0027790893710138,0.00662881153250012,0.00507872616513919
2001-04-01,0.00513441351525248,0.00464069511797865,0.0036481019955221,0.00559590486309592,0.00625849299938509,0.00255109323291104,0.0022236664106981,0.00652404388669165,0.00203159319609287,0.00866005272293904,0.00294168507200757,0.00321625953315464,0.00505191226871064,0.00666455382220822
2001-05-01,0.00449323521648567,0.00490797500497285,0.00307013447260316,0.00446540922428685,0.0035643770959441,0.00197299535162111,0.00150260357873629,0.00440975723988921,0.00251493967587432,0.00481919683938614,0.00173448684705979,0.00206177351720782,0.00615219437043438,0.00456876290959676
2001-06-01,0.00394760832192282,0.00247303650215565,0.00364834097842764,0.00566159401648614,0.00601799421646676,0.00162284518540797,0.00278726721282559,0.00643968910957361,0.00194659803882548,0.00405099158603934,0.00239141813574787,0.00275734047847607,0.0049800806569812,0.00383062199673834
2001-07-01,0.00470460354264969,0.00415308459200696,0.00396345822156806,0.00624031006380982,0.00564071682206991,0.00162651351545482,0.00238501899721043,0.00608406861774396,0.00238768979116027,0.00744750892913918,0.00337588355260245,0.00362827358086268,0.00460311337255563,0.00521205439311999
2001-08-01,0.00424863228093223,0.00434959528311238,0.00575898421895149,0.00647118269378984,0.00849453583207581,0.00381339987964213,0.00185280752649517,0.00848089218313255,0.00184325697223489,0.00694598167701541,0.00258820020453707,0.0017818605519902,0.00720930410162039,0.00691050818976293
2001-09-01,0.0107962744339597,0.00463187167473624,0.00521317656885207,0.00625581188262249,0.0125359043136478,0.00503607139226641,0.00205099220626618,0.00810399009634703,0.00235806973018487,0.0233307504800544,0.00648147815601389,0.00216382534296189,0.00894809622023513,0.00813684025006856
2001-10-01,0.0137025081537883,0.0052622375020211,0.00481057578403415,0.0091846293490083,0.016920913300673,0.00579590483919562,0.00333321301374724,0.00662983890508772,0.00248918594857052,0.0196952264790341,0.00652512403750974,0.00379749098083997,0.0113344381966333,0.0120119307736137
2001-11-01,0.00662903098149956,0.00412025406308674,0.00373851428493409,0.00801230943960253,0.0147653002014616,0.00431887143843554,0.00252568052482548,0.00971957368728155,0.00293136707872941,0.00892228691815092,0.00499078979333892,0.00278627779035404,0.00696428584201739,0.0104055783808621
2001-12-01,0.00773183499035449,0.00506517696205006,0.00391011624702759,0.00958081610942745,0.0151631184681266,0.00275947540719016,0.00144971906069147,0.00682723386915067,0.00227328913683631,0.00743717664468549,0.0044964863549089,0.00180036249203757,0.00821949455243668,0.00717640400876843
2002-01-01,0.00312478014554512,0.00322412286693528,0.00516840184271418,0.00678239852400111,0.00621859632598161,0.0034576427704628,0.00186557889779448,0.00834091810113509,0.00333894757087975,0.00681594281953545,0.00186686906300734,0.00320864088438097,0.00861314296104839,0.0061747307087444
2002-02-01,0.00356209163418119,0.00341501352895547,0.00340520832194042,0.0054082720407289,0.00806128091022917,0.00174392610481934,0.00124806277862975,0.00374138684817065,0.00165427849782461,0.00643501728959041,0.00205909347316019,0.00144416691893072,0.00368395634993965,0.00646303216677626
2002-03-01,0.00206708452525931,0.00251987446888754,0.00214583060241205,0.00552272487764519,0.0045607103017626,0.00210252025997804,0.00139511800022263,0.00675247611584708,0.00111556942633042,0.00505024841472878,0.00351994964872728,0.00119300306886394,0.00639024416094449,0.00755831097204341
2002-04-01,0.00338596517461258,0.00356356426016808,0.00638970623031222,0.00541419820965226,0.0084089306160846,0.00288276776553864,0.00136545383894487,0.00654671411754245,0.00256875199107818,0.00934454318998932,0.00212218037739876,0.00114667235673881,0.0057835528296119,0.00708208527399962
2002-05-01,0.0031716409658535,0.0046282141749886,0.00402990095249243,0.00620532135855862,0.00874960477072681,0.00284779667309465,0.00130118603727323,0.0048968742384881,0.00164971801154285,0.00794798122990669,0.00266917403628147,0.00294945183225662,0.00683558334536284,0.00919253082136111
2002-06-01,0.00590433064827339,0.00410705686768497,0.00384870748974491,0.00669613657958158,0.00697403672125765,0.00302897189595671,0.00122192273350029,0.00513905789632121,0.00290887434729269,0.0107892286160265,0.00445338468243705,0.00326358106078877,0.00614312926247745,0.0088942010167581
2002-07-01,0.00724375837859736,0.0037007716072834,0.00367729948292431,0.0052421077735304,0.0091736886036782,0.00316482476775082,0.00182560967237377,0.00830652400930066,0.00274232652928717,0.0110358104694994,0.00421715834318341,0.00257280563113818,0.00388724459524729,0.0111857712640159
2002-08-01,0.00793894760875857,0.00343337609202604,0.00460743661189344,0.00637701614962462,0.00972028081131601,0.00442851971398261,0.00343207012926756,0.00708745989023404,0.00167424425636264,0.00892364352864736,0.00383038877060189,0.00167293829360417,0.00748577853156837,0.0112861301587254
2002-09-01,0.00878157376802349,0.00364065568368842,0.01025344898985,0.0067930518916697,0.00938622067689338,0.00436310938466206,0.00252645891499625,0.00592866229659514,0.00199419931211783,0.0119609377958839,0.00382943042284263,0.00225820007514553,0.00677460022543658,0.0081613139108025
2002-10-01,0.00685090075812581,0.00266607649257923,0.00371037458437672,0.00755303540693485,0.00969887082820448,0.00399657077274996,0.00179604007992455,0.00491367055860379,0.00155181933251272,0.00898401634880108,0.00432219843596575,0.00159761072265244,0.00632175580540017,0.0093109159950763
2002-11-01,0.00613733967312132,0.00347342677576562,0.00408294310774486,0.00934410305364602,0.00954410060007671,0.00517544671171658,0.00111563257192629,0.00555911547425708,0.00179181475271576,0.00700263518012756,0.00227888360728845,0.00267887870014983,0.00624346082020699,0.0100393326198098
2002-12-01,0.00570845784561801,0.00419939639997251,0.00407879517788199,0.00935896406812725,0.0120230141407166,0.00474983274694976,0.00174407921177062,0.00699332471173625,0.00172243283857488,0.00704434830569763,0.00338765740513246,0.00303667692545877,0.0097377755990526,0.00591873689951943
2003-01-01,0.00556028412412358,0.00363821059973518,0.0043123092429314,0.00567698144524716,0.00977786260049583,0.00385101159707818,0.00196875245283783,0.00602295467963707,0.00172300162364817,0.0139418976001173,0.00328674572670416,0.00210055178022446,0.00807820044107238,0.00977648969083555
2003-02-01,0.0108518742474916,0.00463557468556896,0.00450308618437169,0.0111762426469746,0.0134361614490062,0.00712392193794074,0.00313099262599533,0.00399292931194541,0.00224012166966884,0.0126899618445618,0.0048883688372787,0.00248225582702937,0.0081366214011153,0.0139706840228021
2003-03-01,0.0123035149300982,0.00492846765704043,0.00342785959429976,0.00765898585747835,0.0150163789180333,0.00550664311650815,0.00446210221009063,0.00559932773214802,0.00268344030043037,0.0180529034685203,0.0109235439861269,0.00344551380680259,0.0115958752456097,0.0163286753807438
2003-04-01,0.00608941880859298,0.0030851295508179,0.00449406037242137,0.00581720149528552,0.0110206766842051,0.00256049254698897,0.00277661659573611,0.00546579369083407,0.0021579408836737,0.0125549924501199,0.00573141179654619,0.00378134595212547,0.00627914602695878,0.0113456876582752
2003-05-01,0.00523992445516388,0.00627832411853477,0.00400401100966929,0.00667916091166815,0.00773498826169701,0.00399094024467581,0.00242535305990124,0.00687231777212735,0.0010993965666738,0.00513100141355155,0.00279278678694017,0.00222783927777755,0.00607790572196808,0.00902463707438701
2003-06-01,0.00397936202055218,0.004020654401242,0.00349914692660392,0.00861175539497669,0.00601339410638401,0.0039090120386362,0.00155075829701765,0.00489238243802707,0.0018948614694328,0.00373619577871214,0.00313057419526146,0.00212273423694329,0.00647066898883793,0.00606080387680565
2003-07-01,0.00320749408534447,0.00440104779206839,0.00184986304424122,0.00645419248952293,0.00467112198848038,0.0022027019137472,0.00157398080059457,0.00461594553975105,0.00104109246681394,0.00631770337950827,0.00174822221763456,0.00206185676830654,0.00375199851359443,0.00657035343421626
2003-08-01,0.00183595846253574,0.00482423944601161,0.00340363426241221,0.00844282307067493,0.00748767214518319,0.00248727119176277,0.00246464494310476,0.00725979349798465,0.00252121056474979,0.00650989497103343,0.00376727040155882,0.00201050380932611,0.00644524854629625,0.00660686460813919
2003-09-01,0.00453190068290884,0.00466202456390325,0.00351895357482302,0.00583313949285296,0.00661949156679333,0.00375003563934758,0.00261481695343082,0.0078904429216784,0.00126534256691118,0.00590493197891884,0.00285487307871361,0.00266866131798023,0.00462612832087031,0.00500976941828487
2003-10-01,0.00305832236936326,0.0037980342503961,0.0038911596374217,0.00733362422826553,0.00629125483939951,0.00214294214462305,0.00202759365387543,0.00553566931285094,0.0013799489168338,0.00546476702954736,0.00153233591378478,0.00131751257780528,0.00438641737751236,0.00448060100757233
2003-11-01,0.00276105255973393,0.00526518335522463,0.00563743444475038,0.00865312501971204,0.00725547062222886,0.00326690296666616,0.0027028169598388,0.00652923843530133,0.00159976618535452,0.00500940346548914,0.00405022887898108,0.00203710412182189,0.00891575615649401,0.00462116613285493
2003-12-01,0.00320855678999468,0.00682972223432608,0.00382537176139296,0.00510096190632546,0.00646886449595702,0.00310925097827296,0.00156511553967047,0.00489395824245484,0.00173435502161875,0.00593457125542609,0.00215255836957359,0.00128258351195515,0.00489535691585937,0.00427574459765203
2004-01-01,0.00262035012667534,0.00571600522332476,0.00349380016890045,0.00711568576802119,0.00623297653806931,0.00303392717847097,0.00200307094489081,0.0057144620253703,0.00195986140216589,0.00428546071953911,0.00314195103528327,0.00229782175419292,0.00824839306659581,0.00644748105373943
2004-02-01,0.00401694815050813,0.00710966254828096,0.00738491860539099,0.00729540444047716,0.00590569703018995,0.00475320215692438,0.00254891584592131,0.0072484095038974,0.00257577009539546,0.0084613264384798,0.00345748461979669,0.00354476093058768,0.00740729714661945,0.00422730643805563
2004-03-01,0.00308241557316486,0.00393360038118602,0.00334215211384779,0.00541847976135528,0.00885451255255835,0.00167420541283574,0.00408068010904262,0.00540126830384015,0.00267403462666941,0.00920969444855247,0.00293846520122011,0.00123609558517779,0.00379121468719719,0.00668430422769558
2004-04-01,0.0034905940219181,0.00381493428737373,0.00245459453322974,0.00642067768217502,0.00739369847854191,0.00547757176466084,0.00202633942544366,0.00630259263407225,0.0040983384028204,0.00530910376270088,0.00295527513718551,0.00142489291377352,0.00554212492429036,0.00424476386246784
2004-05-01,0.00295704181127313,0.00413211082797992,0.00518289369868887,0.00700683324385188,0.0075846831174522,0.00434194458096327,0.00474547102900818,0.00758145490586784,0.00194822569116084,0.0095522780781192,0.00433225994621019,0.00126223072948449,0.00653067203515888,0.0056800382826802
2004-06-01,0.00288062132512658,0.00287757304859205,0.00304370411972369,0.00445810443174351,0.00449315961189056,0.00244014536588765,0.00364573873529247,0.00470501483104008,0.00256969711860498,0.00599138752860983,0.00290043512260099,0.00108213816975655,0.00427520783967199,0.00540916671051546
2004-07-01,0.00314250729886403,0.00567982417640618,0.00262996331241117,0.00443208590034747,0.00673629239338044,0.00264789488045034,0.00237443846785304,0.00530923843693006,0.0012552097627417,0.00573063028585048,0.00281226758747604,0.000862209563216618,0.00509854251246984,0.00612363048537556
2004-08-01,0.00265674598922946,0.0050058511590642,0.00702725197780455,0.00822437603588403,0.00761076635806955,0.00254639656488135,0.00197124198949121,0.00584517556849981,0.00132753701412725,0.0105534176740191,0.00149138918967444,0.00136933603850153,0.00672964292425965,0.00626483777321762
2004-09-01,0.0016530252415231,0.00418625239573278,0.00700380594098213,0.00520256800625751,0.00450082627518091,0.00383084440693322,0.00255893751935689,0.00525550111097234,0.00187988140458665,0.00640944279375561,0.00307616957114179,0.00113125606647692,0.00841333890081701,0.00429060623074202
2004-10-01,0.00441880565046717,0.00432919742434869,0.00452241516191665,0.00563131696013274,0.00674721940101435,0.00391895976415006,0.00283946066512909,0.00477163804080865,0.00212399498471441,0.00694603765271471,0.00100109190116731,0.00300887621763433,0.00543109857989928,0.00486964703812573
2004-11-01,0.00266649625747723,0.0042696933886601,0.00337736196391379,0.00475110244301904,0.00503454889558552,0.00438367185635879,0.00166018636503222,0.00686420324548552,0.00184765095006296,0.00611734433872306,0.00222407983680468,0.00180565888301607,0.00539748033220503,0.00621782535629954
2004-12-01,0.00295271510370867,0.00407276310687257,0.0039308496677796,0.00437184949463841,0.00619230898751926,0.00362413352522381,0.00346543462559296,0.0103322139365433,0.00168007200474586,0.00583828836526582,0.0027543414791701,0.00175026574881335,0.0109960026032685,0.00574673130778648
2005-01-01,0.00165268883025865,0.00393542570117145,0.00297768935796601,0.00649835981629478,0.00455755856543548,0.00293494740545932,0.00203736640281885,0.00508945841885206,0.00160994687775196,0.00520185392359187,0.00212285030783223,0.00198354320336598,0.00432010327373166,0.00376604092642272
2005-02-01,0.0022730734872028,0.0052793964864065,0.00450948449880555,0.0075741341637366,0.00605430790249836,0.00239305977098476,0.00325962737607674,0.00648925818120799,0.00137984226349261,0.00311964337833111,0.00219974853600271,0.00241805691343934,0.00722750712169981,0.00303965252247647
2005-03-01,0.00198068830886671,0.00545550453768288,0.00402883484274555,0.00658363570490697,0.00524451817434708,0.00237969653340653,0.00175965497584825,0.00490005064237026,0.00135634090715873,0.003304017744211,0.00212995757272334,0.00151709242208124,0.00494167380248413,0.00331119415112718
2005-04-01,0.00167340608799595,0.00460663323610454,0.00374573106813467,0.00534140663670574,0.00470782957271428,0.00354920484921139,0.00302855703042212,0.00327348149728918,0.00310188770912483,0.00369733282019087,0.000793437943563373,0.00112929245202181,0.00660122769681838,0.00304908962045888
2005-05-01,0.00264192604702243,0.00660401501881379,0.00547747598967763,0.00608395083632905,0.00583752042370552,0.00386927751768639,0.00109453507944479,0.00501181852166823,0.00346602775157515,0.00644079487538781,0.00199224586828766,0.00120334850839544,0.00692405451572746,0.00717368532332014
2005-06-01,0.00330967774669664,0.00432804013029561,0.00527888677575542,0.00526341441909853,0.00442368742599275,0.00376681555701386,0.00302414243748312,0.00423098625672057,0.00617769003973296,0.00422817310096477,0.0033856329521032,0.00141079761153282,0.00700616440981555,0.00640696223383052
2005-07-01,0.00258182017936918,0.00445566954225724,0.00404647540062138,0.00435986615195361,0.00538609907859595,0.00161566734495115,0.00191444401979639,0.00604048494795807,0.00107332272865599,0.00475282243082615,0.00270522793637047,0.00193392945511238,0.00508407483119804,0.00634900434046131
2005-08-01,0.00187800469572395,0.0030120731326708,0.00590884404264366,0.00481742163327002,0.00422195672974779,0.00143890855997016,0.00487428300336764,0.0054602710118736,0.00117197601701192,0.00646324240109539,0.00291730418250811,0.0013615139173373,0.00399767021436276,0.00507961572872013
2005-09-01,0.00311065991700777,0.00674259617712067,0.0151821734929368,0.00407955398951839,0.00632897473096117,0.00465040824569058,0.00564338301883377,0.00623690146383662,0.00282452453302072,0.00865205408610359,0.00124511387388426,0.00171822881572424,0.00732053299230245,0.00325514412080322
2005-10-01,0.00320002860819723,0.00533191579909786,0.00481909070163036,0.00350772366667774,0.00558979356239581,0.00270625130006424,0.00271064694375681,0.00779347626694189,0.00208060468115388,0.00542422431664201,0.00340808907631262,0.0021787740569548,0.00950484687791917,0.00464326495392721
2005-11-01,0.00304527135801622,0.00417197864668291,0.0076900646704789,0.0042840745248921,0.00472670953115401,0.00270323521681383,0.00247760633375175,0.00572838680181815,0.00151760573575513,0.00539641054712171,0.00198467189496008,0.0012632343198189,0.00364167891515484,0.00292167846665737
2005-12-01,0.000927974505798875,0.0045377653018191,0.00259322325487809,0.0053095758131146,0.00197307200747528,0.00327493915396011,0.00287551970648033,0.00372240906128707,0.00148956425526292,0.00204965242785674,0.00145052325663708,0.00209019500335281,0.00570599210685393,0.0035602387593028
2006-01-01,0.00156401786614828,0.00457734862114555,0.00445024310575986,0.00410302803934043,0.00267386602488184,0.00262426387253621,0.00516017391120675,0.00371241108961856,0.00220729577938072,0.00358220543971127,0.00362250718849209,0.00119665192533842,0.00647773108288766,0.0049307639566082
2006-02-01,0.000996734273189139,0.00314767609791687,0.00304567636080415,0.00314767609791687,0.00207936306184161,0.000951997546385317,0.00257683546390011,0.00458819870099991,0.00132957552060957,0.00332483353606,0.0019165213762757,0.00132778605153742,0.00586945855666136,0.00299020281956742
2006-03-01,0.00151325966650651,0.00549332012398171,0.00346794684297585,0.00581357145473904,0.00352853493257858,0.00287360653544421,0.00302651933301303,0.00467538091434472,0.0018984268075525,0.00240909784848988,0.00262836902990931,0.00248266910015035,0.00986287544318879,0.00310874602604532
2006-04-01,0.00175314230966987,0.00549902866911849,0.00357209073105979,0.00417615708992583,0.00407491691804884,0.00135661830315166,0.00428245927039666,0.00557327146182828,0.00292077895865115,0.00354509335189259,0.00214629164379218,0.00177170300784732,0.00603053957147269,0.00313507065579078
2006-05-01,0.00257011610670516,0.00528811896697604,0.00274446680564579,0.00469190184470585,0.00228679622092664,0.00192564120169248,0.00534260356039498,0.00676542979996404,0.0019645587684203,0.00458293265786796,0.00347300365479056,0.00301688977274052,0.00807306004201876,0.00265262134816814
2006-06-01,0.00482246215426001,0.00438992305326309,0.00134296414422431,0.00343415116880216,0.003596353331676,0.00208944291529964,0.00286731565338281,0.00621949368610894,0.00163771861224237,0.0062142613582743,0.0032318344925294,0.00104297734837161,0.00453642823263302,0.00280801593792355
2006-07-01,0.00233520627191153,0.00240093800400978,0.000977327069355565,0.00391622740711681,0.00362216439509832,0.00233174670706425,0.0022885021464733,0.00442132387481916,0.000550070810716938,0.00438326866149912,0.00313436575163236,0.000807808391839025,0.00207919847321308,0.00243553365248254
2006-08-01,0.0018913166659559,0.0039068441462259,0.00455439652485003,0.00498499401447221,0.00290984534333145,0.00162467745122832,0.00229375970433356,0.00392671787651615,0.00159321071160208,0.00462229843667506,0.00325266719083835,0.00243121967217449,0.00659476616798284,0.00514067156841254
2006-09-01,0.00284715436478266,0.00541366712286179,0.00441633324097448,0.00402403852192653,0.00259668927492897,0.0015737053537193,0.00310365475800633,0.00396368548822684,0.00136548738745538,0.00323039612877567,0.00307649589284147,0.00208067083679666,0.00845093354379846,0.00243826256146729
2006-10-01,0.00146927193524951,0.00647430444268691,0.00578200846510726,0.00593502667474396,0.0027008456807721,0.00252257203847691,0.00347633602475616,0.00573446882716188,0.00217493843600129,0.00343028200049657,0.00184958903881257,0.00151086911845172,0.00779650062304288,0.00391756328943675
2006-11-01,0.00155376579844123,0.00574831931755331,0.00488392194154302,0.00549805862076881,0.00156604853202574,0.00158600797410058,0.00257937405274828,0.00663728216073263,0.0018485514044696,0.00179020841994315,0.000931952410725123,0.000842902592237384,0.00604003424018556,0.00394889884742177
2006-12-01,0.00205297715659115,0.00642883092632275,0.00263456695328449,0.00557211781263077,0.00484425992335588,0.00130944768596823,0.00382038327528497,0.00580719153285113,0.00158631228978332,0.00420869023535268,0.00284352137125814,0.00182312729682013,0.00890145820567765,0.00269028813141079
2007-01-01,0.00143826520968106,0.00479220298855917,0.00461695218569887,0.00518047416386172,0.00274660310000018,0.00170718454510462,0.00400055281012127,0.00529227208982433,0.00204106754020915,0.00257437386270644,0.00107718812447752,0.00237948288366352,0.00380566183107836,0.00182653638498362
2007-02-01,0.00123063190635076,0.0038928152139667,0.00219671981106422,0.00324317551374344,0.00178316051736539,0.00123565489372362,0.00335702989419494,0.00848884866013384,0.00226871596340855,0.00217830219069707,0.00312262381679479,0.00159396132632099,0.00603595649305375,0.00362827121232939
2007-03-01,0.00433035389041074,0.00578105142866414,0.000756507607360913,0.00513468669134045,0.00194923895000082,0.00231010177420171,0.00260574842535425,0.00503613780762293,0.00151881220788168,0.00511729571186089,0.00259560368732451,0.00166808478174791,0.00303907366405332,0.00393905685212061
2007-04-01,0.00216749127655832,0.00743930020279665,0.00446288873690078,0.00442140565026809,0.00325469383872354,0.00273096986998576,0.00413448096772528,0.00478956804413325,0.00237317824777877,0.0046668472461782,0.00170944886165564,0.00187019582235734,0.0058663998346403,0.00436955179197722
2007-05-01,0.00089499805804511,0.00531251140876318,0.00366210214576256,0.00311196572476236,0.00189838120201862,0.00163234508201255,0.00264722361388756,0.00681840722385926,0.00281637003586672,0.00157158374596178,0.00272604913092639,0.001556803961517,0.00862482532266591,0.00456531119516588
2007-06-01,0.00206694334678708,0.00370815806393742,0.00243559966013194,0.00350300622429363,0.00105198161381253,0.001921948813505,0.00401819956595549,0.00537559519668133,0.00153632505477607,0.00281042595361647,0.0011769237116407,0.00205460338650776,0.00527224802934198,0.00330556685982442
2007-07-01,0.00266819056555834,0.0037500235661009,0.00387077862579449,0.0026764614600579,0.00124725089053378,0.00207103198269004,0.00238201761587353,0.00603775298467944,0.000787389156358195,0.00526690561732036,0.00358295149720977,0.00177162560180594,0.00669280782904466,0.00177162560180594
2007-08-01,0.0120324507806672,0.00438137308436751,0.00451197469511516,0.00610873486461319,0.00348581918209793,0.00590816810525073,0.00339564187943884,0.00741475097208966,0.00117852405888949,0.00874564357685141,0.00252962881769551,0.00193414766392945,0.00569671787832596,0.00537643297577816
2007-09-01,0.00877749992212083,0.00565536308314408,0.00483726305581862,0.00543376270468486,0.00373685021757937,0.0040130917852477,0.00546260111010079,0.0101769214901989,0.00236930267653996,0.00569634397505092,0.00411933854204322,0.00205208021696479,0.00641123286720359,0.00513930740728015
2007-10-01,0.00373089552954849,0.00336267942503572,0.00330176131950971,0.00388386766120269,0.00466497314761397,0.00277380440495096,0.00370788202301644,0.00534454845814856,0.00180994460196166,0.00432924669938174,0.00302695297680349,0.00178693109542961,0.00560852691542794,0.00397186048029582
2007-11-01,0.00564713148832428,0.00581874561407335,0.00489906991454626,0.00798959096542918,0.0048433319933628,0.00362589845172406,0.00547845093737433,0.00733393699782374,0.00134651083280044,0.0061414388419776,0.00250967324065528,0.002321924453511,0.00643039595969185,0.00628665079453451
2007-12-01,0.00642905984048821,0.00450714073934665,0.00483050072616512,0.00473763837097622,0.00628313328233424,0.00290360685599558,0.00384052168959781,0.00946201069121118,0.00180086638812747,0.0064174520460896,0.00366972128630395,0.00174946044150505,0.00741406410802754,0.00519697537789271
2008-01-01,0.0082004987357003,0.00458359758690544,0.00582730895705954,0.00625996629937491,0.00466356066007264,0.00455361143446774,0.00470497010867708,0.00480777977417777,0.00163353135184418,0.00839041103447239,0.00195623946855466,0.00239889219501593,0.00689110341258744,0.00667406078541933
2008-02-01,0.00611868686523646,0.00743529047711965,0.00509715823804153,0.00499081141614881,0.00391835614185032,0.00621155310407236,0.00319489818446741,0.00910089140591841,0.0013750194717961,0.00584607951897623,0.00408162098109409,0.00211944722504519,0.00660548569784401,0.00755661572463107
2008-03-01,0.00528845542345086,0.00544103727237255,0.00304062591717148,0.00428015681356627,0.00347320332390824,0.00501160588313933,0.00176019679323067,0.00726100839817048,0.00135907956152931,0.0065043911885691,0.00344331615762461,0.00147862822666383,0.00592237795041418,0.00679225179014301
2008-04-01,0.00547833725483528,0.00466579454677913,0.0030294628648114,0.00499193625658713,0.00449710055894741,0.0038490344890272,0.00534478784780183,0.00432137765495603,0.00154495577189222,0.00243903390740036,0.00246714957203898,0.00224222425493001,0.00378015111066257,0.00649050118182563
2008-05-01,0.00267480196578067,0.0084765976275188,0.00224018659260723,0.00516904680961796,0.00344656382329087,0.00257893092758065,0.00332672502554084,0.00861561063290883,0.00140291285899369,0.00420074932379772,0.00312379799468412,0.00255975671994064,0.00915408629746563,0.0038524178850043
2008-06-01,0.00401647461299527,0.00535478789634715,0.00315086831504749,0.00479152989750525,0.00236506968996015,0.00412697754464818,0.00363585340396859,0.00596715830925702,0.00214099430077509,0.00518749873592817,0.00201053945090707,0.001048243087763,0.00738067497665046,0.0036174362486931
2008-07-01,0.00395757741759265,0.00522025431632852,0.00346232252091533,0.00347273328450914,0.00388172756855198,0.00315594862086869,0.0033269825941957,0.00835240690612563,0.00238852661881014,0.00674171305296786,0.00565304463144293,0.00163300263228738,0.00622414937716093,0.00725778947683281
2008-08-01,0.00277558521817255,0.00536844692633482,0.00306854687885017,0.00432646988578038,0.00401840710857298,0.00286921214065715,0.00636663072895291,0.00672603730236155,0.00150709142967149,0.00434610133726909,0.00289790426206372,0.00165508237166328,0.00647686887962027,0.00597098147587282
2008-09-01,0.00872698234193219,0.00752783433403022,0.00496441861510659,0.00449748174972715,0.00388843366444963,0.00654117643588063,0.00305742138809318,0.0084630615049786,0.00136562115121116,0.00574129328388281,0.00237393409239285,0.00239829601580395,0.0113458891086256,0.00704736306675573
2008-10-01,0.0148681846598111,0.0060405405066681,0.00667357694865478,0.00661147182439792,0.00825344414466286,0.0102756741555532,0.00240902508301645,0.0121704252271794,0.00276313324763894,0.00791567943379216,0.0026509081985432,0.0047494076602753,0.00966660811240249,0.0112083405829897
2008-11-01,0.00588923186604486,0.00643354154262803,0.0056866691325219,0.00632418252084877,0.007448840642556,0.00420410875771888,0.00358647882789733,0.00954406008255424,0.0019547925143044,0.00339510053978362,0.0025115293524534,0.005251718477718,0.00616387213664961,0.00920976943643352
2008-12-01,0.00929364698243775,0.00731346651742971,0.00271416735737103,0.00462042108501877,0.0109081541215743,0.00657551926413671,0.00542833471474205,0.0105622826003529,0.00180856482470735,0.00407389127667655,0.00190097324640772,0.00263628025908071,0.00922500072631747,0.00678673851373757
2009-01-01,0.00723373677235966,0.00568218756956212,0.00585444807887893,0.00529189103097019,0.00677116309699145,0.0053376665509285,0.00410413674994661,0.0150480998768221,0.0018647501288281,0.0031320092603056,0.00360903836302907,0.00400415337740608,0.00999231415932113,0.0110776758299117
2009-02-01,0.00877149657293024,0.00612893812054753,0.0043863724145833,0.00556847107042007,0.00527138608616542,0.0040842944053832,0.00310815802854651,0.00847815635738469,0.00235296300554625,0.00527388259863815,0.00190359076045519,0.00333159589485567,0.00833585514643919,0.00976011551213058
2009-03-01,0.00622613266727819,0.00743941853120987,0.00551033996535637,0.00750605733813036,0.00473710001608931,0.00541038175497564,0.00231971984780119,0.0103175256232069,0.002987256861953,0.00336640869443165,0.00185209925441086,0.00540348808529421,0.00821380742542384,0.00993148012104681
2009-04-01,0.00607344524733546,0.00552001472854083,0.00436508578204217,0.00520302635627348,0.00848073809082479,0.0054459641661669,0.00202015130686773,0.00754925996412115,0.00135759364352204,0.00368174199592486,0.00144853293064792,0.00397794424542058,0.00769736108886901,0.00943819887099297
2009-05-01,0.00416235174934789,0.00627729102237799,0.00509287100804376,0.0038841413468931,0.00384902741260268,0.00347898056661913,0.00148694006360546,0.00887572215986837,0.000834631207364372,0.0020771242668712,0.00184618262211504,0.00189615245168216,0.00656630571230676,0.00759406355826839
2009-06-01,0.00374014028926995,0.00587386857929677,0.00369121403548589,0.00574475763181107,0.00363005621825582,0.00269502114593834,0.00208480203624277,0.00660096707303202,0.00148681448999321,0.00440472190317002,0.00285539053334163,0.00282413209342404,0.00525957228178586,0.00525549509397052
2009-07-01,0.00379053002447629,0.00652996224390076,0.00446339706786669,0.00491425909897757,0.004542880343868,0.00353152417681684,0.00316014542170727,0.0138081636032621,0.00208849159699995,0.00348356013095398,0.00177604009823618,0.0026119848975603,0.00680541290728461,0.00511433769029121
2009-08-01,0.00597782309348353,0.00550181959671531,0.00471498731814577,0.00399722810219873,0.00632318840659612,0.00390713280312589,0.00273739550349673,0.00681570937486103,0.000812359279973522,0.00322991647176164,0.00208120140858281,0.00167427097443711,0.00409783451949675,0.00832630722264913
2009-09-01,0.00641246567417546,0.00655774067462788,0.00632557221596093,0.00452932150943243,0.0047126123978537,0.00408535024636756,0.00270048575607347,0.00813811544590466,0.00200669580064182,0.00355177010451895,0.00133734463033302,0.00247782126939873,0.00667043062824985,0.00733706637798946
2009-10-01,0.00516890948982593,0.00619162202854847,0.00446263624249636,0.00386344701392715,0.00469846172201356,0.0037431278917245,0.00270597705833764,0.00612424332011499,0.00145465818743006,0.00409806930222233,0.00130546247589877,0.00300436848140022,0.00660311342648154,0.00711206331339876
2009-11-01,0.00465637084184312,0.00662476892012172,0.00432355482757367,0.003692527522231,0.00561817858950252,0.00459326811130885,0.00161319077252925,0.0122052894284989,0.000953665459848525,0.0048212521700133,0.00207831896372539,0.00260960324338486,0.00568637024991858,0.00433475047331363
2009-12-01,0.00605021800814544,0.00819067235565267,0.00221689914563249,0.0043207929375146,0.00562146240126899,0.0056535913743941,0.00463875898189067,0.00777964307877628,0.00204406742813191,0.00393413736438829,0.00252046254688352,0.00314309988813562,0.00863383060565417,0.00530792793939293
2010-01-01,0.00667778300112931,0.00409198010126729,0.00605915085244306,0.00648835174360868,0.00590416164174436,0.00289843070947648,0.00231821468993777,0.00559153383212989,0.0027368180282351,0.00543521992732266,0.00199896340978062,0.00279642926311921,0.00567498956096765,0.00435162014654032
2010-02-01,0.00854915797972689,0.00601487496352966,0.00336874205811583,0.00678163538829084,0.00515098174023827,0.00397950132160122,0.00471388414685234,0.00947191956576386,0.00423263528140722,0.00603547889049061,0.00250779225296172,0.00319360867894773,0.00783243566329945,0.00777209559148523
2010-03-01,0.0060680830494762,0.00684226794887029,0.00367874127370536,0.00580366074228878,0.0051548719885712,0.00517804301548969,0.00189593520256545,0.00649061354034269,0.0041230797899069,0.0041367098057413,0.00328347081450767,0.00336116190476377,0.0061594041555667,0.00717620333681316
2010-04-01,0.00862426526442848,0.00572751863229168,0.00322661979204645,0.00396921797528491,0.00589168806536299,0.00562778953743527,0.00217869714917069,0.0055157860924427,0.00660360037326102,0.00528257343985541,0.00142535890956308,0.00262517663537398,0.00577354744530233,0.00738455590067502
2010-05-01,0.0109504327071802,0.00675462338889016,0.00539368946995269,0.00447348504077788,0.00496426073633778,0.00485448196233096,0.0030253738601291,0.00803160883358713,0.00565683564882197,0.00714530667285561,0.00223754971725664,0.0010073816908861,0.00836094515560759,0.00953460940123932
2010-06-01,0.00973639158663509,0.00899075183431002,0.0056487409922156,0.00729152498837401,0.00647161832844685,0.00329745069753316,0.0031711969546096,0.00632754052769877,0.00524324367670814,0.00849019287707188,0.00144374868378479,0.00354698750707621,0.00667956566973272,0.00585668833350147
2010-07-01,0.00860593722884281,0.0049652223777347,0.0049652223777347,0.00761591827810289,0.00688643063018926,0.00436515995767672,0.00519213673826083,0.00791342821745937,0.00301039718297998,0.0102968694265412,0.00240865391580698,0.00309275869161539,0.00527954078824126,0.00910178712777028
2010-08-01,0.00732230427375049,0.00723007943380069,0.00391346537824735,0.00488965660865943,0.00831415632604084,0.00404223213591311,0.00500102245312712,0.00725444071227799,0.0026240577102699,0.0131081079121108,0.00173835122848782,0.00335837624722872,0.00709087212821608,0.0109416942189504
2010-09-01,0.00732675930162183,0.00879080978373987,0.00502494659918069,0.00589686999741988,0.00540397300177347,0.00604002160011587,0.00510140256880241,0.00827513866948274,0.00232296009829396,0.006502010863362,0.00292972768699399,0.00297852936973126,0.00851101346937953,0.00500379920332788
2010-10-01,0.00675450866523371,0.00667791275581542,0.00211654819086472,0.00428311820012506,0.00294972410351678,0.00640748230011409,0.00320452274096948,0.00656067411895068,0.00268085682964032,0.00598386002557618,0.001188018186896,0.0022572345551024,0.00658255866449877,0.00482397911152771
2010-11-01,0.0108911803813333,0.00787185946635176,0.0052850402993654,0.00531289079071358,0.0044953969564348,0.00398425852698595,0.00374507195423103,0.0106569086011692,0.00891543375980984,0.00454454488234335,0.00310451065322301,0.00255896867563818,0.00916608818194341,0.00734433839493339
2010-12-01,0.00930648652147438,0.00901632636405274,0.00364569326625469,0.00536529272680256,0.00549524175435949,0.00365459388458051,0.00530120827485667,0.0113233666341045,0.00743735667305278,0.0078841677130088,0.00341961756077894,0.00442182718426594,0.0105757146947359,0.00620195084942937
2011-01-01,0.00640614138763921,0.00438280249257209,0.00434655375015232,0.00460523795742068,0.00395935127430479,0.00439433618334202,0.0045228544519212,0.00778359359959044,0.00343044916899816,0.00611615144828106,0.0039099211710051,0.00506988092843772,0.00475023292709975,0.00547520777549514
2011-02-01,0.00422130640428823,0.00586069944037375,0.00294777153778608,0.00462375039082995,0.00413245513453226,0.00352791806383973,0.00375440169262944,0.0053467558211971,0.00153486213049027,0.00417078313325052,0.00572132489958008,0.00308017735154007,0.00522654527976256,0.00594780852836979
2011-03-01,0.0100006127841875,0.00780912529409865,0.00703336369682361,0.00620453188967462,0.00619048389294329,0.00451096783928545,0.0120953251856827,0.00668372466706585,0.00407704082913965,0.0114116560114242,0.00447662829171996,0.00783878217608703,0.00740797694299265,0.00463271714429039
2011-04-01,0.010067241794905,0.00381035934023984,0.0078966292101579,0.00569982258778315,0.00289007548492068,0.00337728458479553,0.00578015096984137,0.00802061432159559,0.0024552544603012,0.004877329806274,0.00278355306523478,0.00231380665711173,0.0074303753403852,0.0053191359075942
2011-05-01,0.00591991239582091,0.0092873740841119,0.00485084987503182,0.00420634328355132,0.00332483559097085,0.00291050992501909,0.0047809430754268,0.00931124469861117,0.0059778838881763,0.00454053188654121,0.00415689701065996,0.00422680381026499,0.00778182032676458,0.00669570736704744
2011-06-01,0.00839517253617538,0.00663196381667388,0.00458693835125837,0.00749966274488282,0.00485577669440003,0.00176691683457932,0.00569937287460316,0.0138108746073256,0.00519136110894237,0.00634458489814314,0.00415679700223172,0.004896565960256,0.0072400946894357,0.00643914183262745
2011-07-01,0.0134513068629614,0.00825536349820349,0.00513509301956229,0.00518918221529171,0.00407190226600578,0.00522805882472224,0.00366454301066854,0.00603939676066361,0.00907008200887796,0.00723273964144405,0.00265544145284146,0.00173761541280778,0.00650084521173027,0.00796970493325747
2011-08-01,0.0215731136779827,0.010752038572706,0.00653599358361745,0.00611856338667799,0.00853163102513955,0.00602865534426026,0.00547475758293675,0.0103169478674345,0.00848828250468815,0.0150724411110294,0.00365411972397772,0.00330412055885156,0.0105240574651467,0.0102719938462256
2011-09-01,0.0188713684861962,0.00818093899800526,0.00569578296105776,0.00591631394352862,0.00841819991707736,0.00620376467240444,0.00364104256576029,0.00625547538553553,0.00762276747685487,0.00778398322955771,0.00388894980812409,0.00375815212196895,0.00697942536937091,0.00783113123270665
2011-10-01,0.0122748271192921,0.00764511173045601,0.00341660675061495,0.00601341742930703,0.0100571128900441,0.00833854231923084,0.00403579761804031,0.0100302602248751,0.00750926883607187,0.00780622772146975,0.00257153758206248,0.00427431246748222,0.00743186997764371,0.010016044108021
2011-11-01,0.0150216842478633,0.0104742192064992,0.00393617154893918,0.00602449906367002,0.00821832900856556,0.00687627603661744,0.0052782245208873,0.00685145193540222,0.015125635171702,0.00852087274212612,0.00302388582927965,0.0025351613366049,0.00745498789619738,0.00990947090385279
2011-12-01,0.0114719697581656,0.0112990518217987,0.00398235247390647,0.00454477242855466,0.00950175327107507,0.00637351060407223,0.00642940327037267,0.00968864437401718,0.00781973334459616,0.00559974650497549,0.00414479053534212,0.00503033996703975,0.00716124786974408,0.00906509181560287
2012-01-01,0.0108983503710524,0.00635390306496213,0.0050638127125006,0.0054583306654469,0.00997614384813153,0.00506880661063916,0.00443791081246765,0.00596271437744154,0.00686328067509533,0.00822827949963526,0.00281655855014826,0.00161302909875512,0.00655865288864312,0.00889579721748955
2012-02-01,0.00662523584902994,0.00673413894436566,0.00222983550941482,0.00526305450901112,0.00710905123978368,0.00399727918781408,0.00419366181874733,0.00720545725860546,0.00470068606588409,0.00326530756342651,0.00299929836334419,0.0024833476329832,0.00575401108634425,0.0104743354153217
2012-03-01,0.00421397509325766,0.00752410764136186,0.002604694464082,0.00500759293778264,0.00312359843934833,0.00598774489106349,0.0043360701462615,0.00693737308109339,0.00389856287299773,0.00253516811445481,0.00386125605124655,0.00157536533667459,0.00609627382706691,0.00524839151454022
2012-04-01,0.00756570705514735,0.006036256335496,0.00448324772561306,0.00538750828142588,0.00436545827445508,0.00320749736230199,0.00419330446122418,0.00705286990625951,0.00742435971375777,0.00638781254356752,0.00249713636454923,0.0020676579041732,0.00715072575799076,0.00726489091834388
2012-05-01,0.00712106188697217,0.00797012487543826,0.00540910188986133,0.00643800714065017,0.008801895338681,0.0054834597483217,0.00211141732977004,0.00987230265000586,0.00958005897373138,0.00565119724298811,0.0021753996730964,0.00319911716631824,0.00599531849493262,0.0150790819947541
2012-06-01,0.0101943618542577,0.00678447933346605,0.00399049280890391,0.00503783678165884,0.00696571956152319,0.00396803826737471,0.00416050576619644,0.00625198592005926,0.0120949784051223,0.00571949250665247,0.00345639549967361,0.00239140867286002,0.00705232993599297,0.00497688874036529
2012-07-01,0.0147297538711267,0.00842326701390205,0.00302252592889717,0.0078025697249321,0.0108588292021429,0.00697778446866496,0.00404127908796743,0.0113766391687564,0.00824953924008709,0.00542604124624007,0.00221460744678682,0.00406151921695558,0.00937286639892946,0.0109482231051739
2012-08-01,0.00982904203360188,0.00722974334552508,0.00446532527357455,0.00505300824198536,0.00860928916563142,0.00539034891871664,0.00395221234949382,0.00981483821563425,0.00525896360251603,0.00774818270134368,0.00174884508726479,0.00471211661076217,0.00679297594302038,0.0141416762640244
2012-09-01,0.013153779013454,0.00814764662828041,0.00497289810309171,0.00635299539585969,0.00516705627735945,0.00567256719955203,0.00434494508901858,0.00816513835569192,0.00450586898120445,0.0057197948635631,0.00202379286151147,0.00243659762842306,0.0082438511290437,0.00473675978303636
2012-10-01,0.00932244696664523,0.0074257367518031,0.00422856760681966,0.00512543583450333,0.0059741389166262,0.00528820080915703,0.00507394895476593,0.00820634428330555,0.00454911495486216,0.0060820952773659,0.00212258813885135,0.00331509070825296,0.0100731588905582,0.00868467400473684
2012-11-01,0.00687340249437198,0.00651973748906872,0.00502648524445497,0.00528105570720949,0.00760294335072217,0.00557492228166437,0.00413805141470766,0.00506407282955967,0.00542286341464993,0.0066752134092745,0.00259012631903254,0.00352810742005422,0.0069947078826644,0.00803007499963915
2012-12-01,0.00361622050335728,0.0118307716686339,0.00531367045547963,0.00413395261913848,0.00965115898273057,0.00484929241269877,0.00396401001624847,0.00952864222250753,0.00381975641146973,0.00383358894891427,0.00301154100935327,0.00169942602890014,0.0102281734018455,0.00416754592436093
2013-01-01,0.00726077950968569,0.00563649533955683,0.00590632756325902,0.00476174512415627,0.00722550732358083,0.00318331479596373,0.00386583159709279,0.0111724649487148,0.00673875115533374,0.00487814333830231,0.00337202099162474,0.00221862050599577,0.00712850881179246,0.00522910159004568
2013-02-01,0.00849215699228756,0.00740845354329399,0.00435180566189925,0.00891317767020666,0.00592827322271742,0.0045066204403269,0.00283008966906159,0.00773507496607428,0.00619259113710609,0.00517874313691525,0.00152360397794043,0.00432537387046038,0.00837698990101821,0.00929266267586469
2013-03-01,0.0107653699438633,0.00704431580916588,0.00361224095050922,0.00564223117356082,0.00524622253602351,0.0062968941013815,0.00273638400892896,0.00743318915593675,0.00780600809848313,0.00865867534507247,0.0027060590231716,0.00166609039396326,0.00762940965201379,0.00626835293831575
2013-04-01,0.00765817391077859,0.00944270907512014,0.00488831258207669,0.00608347672588416,0.00648308122587475,0.00726404344503445,0.00397414886292013,0.00879312367787516,0.00638454860943872,0.00574773595876878,0.00310377741773514,0.00357271968484739,0.0114005886572658,0.00459636408893287
2013-05-01,0.00353861534384565,0.005806021588625,0.00417518147363527,0.00574640361272326,0.00718300451590407,0.00324821810638875,0.00175199922730619,0.00898692907706017,0.00223278935554608,0.00320206225407772,0.000886576996474371,0.00121736060470342,0.00562909082143272,0.00516945545883538
2013-06-01,0.00759509805724548,0.0071752869408783,0.00376180092046047,0.0036609729230797,0.00318983118986414,0.00362247496044341,0.00604418013389774,0.010172628317561,0.00346298340095021,0.00573069672385937,0.00444743130264966,0.00389012746258144,0.00685630382189189,0.00516056022957905
2013-07-01,0.00854224686045202,0.00996032736693022,0.00276525698763249,0.005518696637711,0.00520975767022825,0.0033088545151158,0.0054275343194374,0.00573478509584101,0.00617540296749673,0.00561154714706374,0.00251540470791966,0.00290031227396375,0.00845277273325756,0.00784671213584604
2013-08-01,0.00571645976042853,0.00622621974564607,0.00427746939625353,0.00472703632048598,0.00663252290729549,0.00382225937255372,0.00457279160171166,0.00759937394936862,0.00388245243353882,0.00673597973086362,0.00279521526949549,0.00384295073726735,0.00526689283619608,0.00565626669944343
2013-09-01,0.00610588342797781,0.0077954306746636,0.0106644373909774,0.00543461549831814,0.00369955856148593,0.00253716522566283,0.00618931785991291,0.0104122378580827,0.00143734771379105,0.00557114456875739,0.00307190408488325,0.00316292346517608,0.00740480583424017,0.00567923008285514
2013-10-01,0.01153389485062,0.00517409999127737,0.00550239253206715,0.00572067214695398,0.00395348038483022,0.00473055581382733,0.00417350623663615,0.00669856482164697,0.00450529125126412,0.00644012175762097,0.00283239628277148,0.00320085227270044,0.00790172205890317,0.00561065922105102
2013-11-01,0.00429881272922907,0.00742831812277875,0.00236510383430296,0.00488725056320364,0.00360252616041028,0.00251457839663091,0.00449369728517563,0.00772726724743464,0.00273027586631934,0.00193749306106099,0.00152123478622367,0.00161773102266323,0.00581247918318296,0.00256944880558674
2013-12-01,0.00541322453337746,0.00733935018588494,0.00463167022204959,0.00487724056577282,0.00535983967604632,0.00336965219474147,0.0030664262051006,0.00622894515339725,0.00147982824521916,0.00425370543214513,0.00437115211827363,0.00312621724531148,0.00633571486805953,0.00341876626348612
2014-01-01,0.00468097973641892,0.00544426159452123,0.00287225495418595,0.00251231872252159,0.002282610675178,0.0021451475917283,0.00424507706390077,0.00806691252875903,0.0029301341472174,0.00222654020692878,0.00392674150222777,0.00128238587060317,0.00729639577152778,0.00594346963441753
2014-02-01,0.00868306517495994,0.00500625535567274,0.00256959995465565,0.00714130520216655,0.00386134479672579,0.00276604041450963,0.00552215959367311,0.0108240677626614,0.00610354398495813,0.00466298061269558,0.00362521939548716,0.00313907886352528,0.00732584017960514,0.00340099947666393
2014-03-01,0.00563945610164984,0.00671611101117292,0.00373540401085339,0.00696709969586881,0.0037907946171311,0.00508208812598033,0.0101970644244381,0.0101174404279138,0.00308975725642878,0.00811126190679286,0.00322130994633835,0.00205118338872163,0.00828262659496454,0.00661571553729456
2014-04-01,0.00361688324050985,0.00442293150553775,0.0024970586112403,0.00446426731400072,0.00372398056243663,0.00358494193397028,0.0077805264929617,0.00893229242877081,0.00365446124820345,0.00383671458551746,0.00269058535086239,0.00203297021622424,0.00549766252557497,0.00373149616397535
2014-05-01,0.00561907198991159,0.00671319138650023,0.00382499898904331,0.00384444214471775,0.00286874924178248,0.00270083107913964,0.00425805109270117,0.00705963306942652,0.00305611056009976,0.00396286863837112,0.00223949802177351,0.00165620335154047,0.00576401187766647,0.0073424426065092
2014-06-01,0.00484853833395798,0.00444611354040173,0.00136085678980376,0.0038842740943256,0.00243787773487703,0.00304443104690385,0.00344491175933182,0.00920911230471491,0.00298805269418341,0.00401452752992111,0.00361599089862143,0.00124615600323459,0.00715616263323951,0.0032310628352198
2014-07-01,0.00552916797773472,0.00853039812879112,0.00187089671754166,0.00415754826120368,0.00327592530402879,0.00227922735033845,0.00776385016813169,0.00531572241968185,0.00272282290142223,0.00492409622186311,0.00385501238326788,0.00358031723029549,0.00645719214318197,0.00470693856714845
2014-08-01,0.00386447801359368,0.00631912646700575,0.00307844975195818,0.00533610832161886,0.00944972059995695,0.0023117342240238,0.00595990962016496,0.006375133394739,0.00445544766484788,0.00878729383400861,0.00335848439062439,0.00284476567417466,0.00935701947819159,0.00630560755341497
2014-09-01,0.00592822972051812,0.00848240413245555,0.00364128921502539,0.00415575993287471,0.00643906460290561,0.00322135021918372,0.00619909946242465,0.0105857349471257,0.00970586276536223,0.00511016674160578,0.00251599813958819,0.00306137345886308,0.00810064140896312,0.00390306936827734
2014-10-01,0.00897771760178011,0.00875636832291657,0.00364964873968696,0.0051206628448903,0.00768448008275063,0.00378210972546357,0.00551804580222012,0.00777162546812997,0.00360259023158212,0.00746661661930227,0.00297688636455842,0.00509974795239926,0.00735158471060153,0.0034317852762386
2014-11-01,0.00339037212005834,0.00863525926316499,0.00297908107598569,0.0045038221988316,0.00480951148834506,0.00324401179356402,0.00736618554609397,0.0108325168229405,0.00220096288449689,0.00489843928165807,0.00659733066640861,0.00339778276950109,0.00784046711043,0.00524673980546734
2014-12-01,0.00554129745593913,0.00628952346450876,0.00271533632142208,0.00653692077379389,0.00682655664807891,0.00449941285260828,0.00856437189378904,0.0136812723394911,0.00425402690356125,0.00629555754522304,0.00391611838356206,0.00276562032737434,0.00750639640855347,0.00472870791975059
2015-01-01,0.0110947735513458,0.008599707820745,0.00253820807752758,0.00481216928012842,0.0045389344162586,0.0041955932386327,0.00700523858224148,0.0100953091808746,0.00728206864168854,0.00698906020214393,0.00465757587030734,0.00546649487518511,0.0130397743586296,0.00394033435264905
2015-02-01,0.00692796301311468,0.00582296179199699,0.00454629073831279,0.00490541613517604,0.00453839787244767,0.00403522767354586,0.0050928716994728,0.0139190689531504,0.00772316924902616,0.00764621380684118,0.00362479864855929,0.00258491357082889,0.0114071643915739,0.0106080117227299
2015-03-01,0.00453738819745548,0.00803906821940481,0.00378663676864944,0.00528265968882497,0.00332266873235568,0.00186317872842375,0.00731023654034493,0.00840439738184084,0.00508903523273388,0.00226686745291556,0.00294272640342221,0.00222302795342323,0.0110274607681315,0.00428896436699898
2015-04-01,0.00531927584366822,0.00788527134139419,0.00278610346367087,0.0066244774662888,0.00251965697857968,0.00156971733608068,0.00707627802796516,0.00613599224362163,0.00559730695854598,0.00250034926226873,0.00286526510054578,0.00293284210763413,0.00793740217543377,0.00384416631751122
2015-05-01,0.00434058307174579,0.0104251141596888,0.00250121531543069,0.00423704250268169,0.0021946540227115,0.00360361784487782,0.00311027748639595,0.0115884229062324,0.0055221636834184,0.0039223603810163,0.00158153143727314,0.00561149280182664,0.0101327643176255,0.00642763611092009
2015-06-01,0.00764748095236571,0.00664435323383455,0.00293460454384842,0.00388301620500515,0.00446483028175322,0.00297837738974796,0.00376081701020226,0.00609536879151113,0.00575612923578969,0.0051159513645089,0.0030568037386513,0.00311334366460488,0.00734289489964806,0.00238197236436671
2015-07-01,0.00595773835856524,0.00716091260424829,0.00292425951366597,0.0043317796048823,0.00387376305454907,0.00255784627339939,0.00305109486606594,0.00740753690058156,0.00854905507218129,0.004174997016499,0.00361480754339914,0.00345450175078251,0.00572168367493197,0.00299648520044928
2015-08-01,0.00929839032755415,0.00687607203555516,0.00339471156501925,0.00288444578808783,0.00576504051370825,0.00346403068943258,0.00635617860245522,0.00944087963884821,0.0055147214533268,0.0117649958379283,0.00562447673364789,0.00161359517384352,0.0100609006961007,0.00623872119719931
2015-09-01,0.00908720771617148,0.0112410127250075,0.00341564962492517,0.00504545198402652,0.0037527836826589,0.00358325341362708,0.00589888277017534,0.00765583283105055,0.0030399859605933,0.0101775955828989,0.00275101391110724,0.00427100689140389,0.0118401481076086,0.00320951622962512
2015-10-01,0.0078417764688288,0.0113280489633141,0.00260208649454343,0.0057406663970854,0.00511070723856447,0.00457795246058682,0.00439475958956293,0.0118421105911872,0.00463590122591071,0.00616126227443617,0.00294790977147629,0.00865305918336317,0.00798945235465418,0.00874091698885422
2015-11-01,0.00514732541651152,0.0111720133414934,0.00509781285960009,0.00365996820689238,0.00526219454854602,0.00376691532982105,0.00331734131306533,0.00800320969916238,0.00349954752249937,0.00632572427100338,0.00397288756657257,0.00474726395666722,0.0137011147485289,0.00410162021454227
2015-12-01,0.00777398109371525,0.00636734226733934,0.00211745174929341,0.00548953112759182,0.00693470800400542,0.00285181570278951,0.00458388695170596,0.00756630382406767,0.0027533295749154,0.00934333613136143,0.00381312595095204,0.00445542678491364,0.00505704856605768,0.00386665102044884
2016-01-01,0.00860594671218651,0.0115075103874339,0.0069956548295885,0.00541384688359305,0.00863063279057539,0.00224073634606798,0.00778371040892597,0.0116670204324082,0.0046618709572855,0.0157326276501468,0.00579743056317418,0.00542524045823408,0.0168472990358603,0.00614303566061857
2016-02-01,0.0101153131063718,0.0113556331890089,0.00481881113186725,0.00535516576219682,0.00557305983076821,0.0066751009852735,0.00553953766637261,0.0107920418001079,0.0104861520499981,0.0103227314985695,0.00779180808670187,0.00318879588813128,0.0151415426304368,0.00602351391483406
2016-03-01,0.00721999705154993,0.00947586403886739,0.00829596612951164,0.00416530453665483,0.00494171404177493,0.00577314469292716,0.00563661073795854,0.0096592678589745,0.00585873314231048,0.00457083076111388,0.0064232093441957,0.00343168925622638,0.0131235622387755,0.00726075345601817
2016-04-01,0.00367416447077224,0.0106695169129412,0.00583124307806695,0.00550144180339792,0.00436050766400237,0.00398079052073479,0.00399861761666285,0.0120029836883598,0.00777974466300342,0.00541408903335045,0.00341567157981543,0.00323026978216365,0.0114004278459915,0.00909894976167952
2016-05-01,0.00365212193644168,0.0100906153848061,0.00882350978775525,0.00645320280023729,0.00395051164586327,0.00492763287741988,0.00311207858910825,0.0108912243938879,0.00677680854144098,0.00715084634620889,0.00532688671396989,0.00421317864359354,0.0104583491816285,0.00525964396255094
2016-06-01,0.00960739604453459,0.0110476777031351,0.00584206200219067,0.00702666147618651,0.00471264573350519,0.00683352025760023,0.00250163864073656,0.0114413179010157,0.0302606303520273,0.0102567184270199,0.00260648673082625,0.00296517756534362,0.0140643595934351,0.00516146913669616
2016-07-01,0.0138073381522286,0.0145574958552561,0.00386976514007985,0.00669293929125849,0.00815897329690625,0.00673327035056104,0.00338982553437949,0.0124522145596629,0.0269653462496862,0.0153056370053184,0.00938907060563408,0.00589640087003309,0.0155698054437502,0.0112039682742489
2016-08-01,0.0119199852614841,0.00901342863316319,0.00469600252404876,0.00490287488193637,0.00873415095001492,0.00602619178526609,0.00625168265536359,0.0157781547360881,0.0097829938045051,0.00930511865778472,0.00793148620141099,0.00403814842596616,0.0157388489880894,0.0103974047074313
2016-09-01,0.0105950693074759,0.0136311944975062,0.00587833380561913,0.00618251666748817,0.00703042639494811,0.00695247953659417,0.00646958924337707,0.00425856006616651,0.00742586411537785,0.00531369436827473,0.00544487322745575,0.00374144920098915,0.0130589504886151,0.0108060961678975
2016-10-01,0.008459405611303,0.00744778177642967,0.00493067050225665,0.00466382484502628,0.0050820158003873,0.00401264178596411,0.00373982197222859,0.0181435133061633,0.00969008185136544,0.00744180761992451,0.00471360948256926,0.00276603446188792,0.015160417824588,0.00475542857810536
2016-11-01,0.00939548163705364,0.0129358842920016,0.0131883944367825,0.00397177415228191,0.00629521819280003,0.00638640241174867,0.0138407123107996,0.00796985144464517,0.0105545733433046,0.00877823461647826,0.00436281416815779,0.00353689556960381,0.015676671488477,0.0077541656959782
2016-12-01,0.0131979517971457,0.0185956857729026,0.00812906696154935,0.00684508910856565,0.00741272042693202,0.00726400521068105,0.012661739186438,0.0146683473155708,0.0143080794677515,0.0088077110469763,0.00807251328776377,0.00875953569523303,0.0207405362157335,0.00986756878532827
2017-01-01,0.00969431383713065,0.0197716971959946,0.0108586934724981,0.00408291425886978,0.0115812156892326,0.00428013817104927,0.0157172286936891,0.0126868074277003,0.010731635759844,0.0116191433646517,0.00392741078965133,0.00872526173017178,0.0255404966272448,0.00880111708101005
2017-02-01,0.00862293709927059,0.0154928128119226,0.0127219133596188,0.00811933037366016,0.00673600557040113,0.0033212544815574,0.00987451668317162,0.0127155385909402,0.013427387760052,0.0108392316765351,0.00699312124043852,0.00453033560760101,0.018204214423226,0.00756897534440657
2017-03-01,0.00586978712877937,0.0107106151114717,0.00708188212288563,0.00373257290241133,0.00623417082638452,0.00765016965127501,0.00797301738335004,0.0104066473637285,0.0120661979865001,0.00807308130030897,0.00590565909900993,0.00341727716406905,0.0143601160828227,0.00657589854279143
2017-04-01,0.00822360575532318,0.0138964008856724,0.00930970154305595,0.00506051403885844,0.00906954888879631,0.00649926642699049,0.00888997528245803,0.0139851059201287,0.0130829108135857,0.0112720299882225,0.00838803459968113,0.0049242111810354,0.0151339442932085,0.00824091405472928
2017-05-01,0.00335275402589117,0.0123227387187037,0.0114122588958219,0.004358970997531,0.00559964629265972,0.00244813566109652,0.00605684002346306,0.00725257747325642,0.0091380131579796,0.00666252402580937,0.0036497345689771,0.00707477991127734,0.0141710518355412,0.006512079934904
2017-06-01,0.0073137045440468,0.00951047246381497,0.00809023645987183,0.00363948247916942,0.00438331831432813,0.00497593477640513,0.00452840717228491,0.0111289284567977,0.0127106013590308,0.00569320504602246,0.00528654754273514,0.00347191506575454,0.0117583280096243,0.00264633902893004
2017-07-01,0.00756205675490484,0.0105990110987196,0.00554213838641555,0.00765708794941835,0.00507709211539199,0.00335642091260482,0.00628621242005325,0.00827580168391056,0.00611636943411421,0.00452914629170771,0.00451903659016372,0.00727089735043791,0.00936967139097033,0.008241428698661
2017-08-01,0.00810884781780887,0.0119495797371616,0.00522782188724619,0.00486530869068532,0.00572580054146927,0.00455431052731995,0.0079619345749921,0.00849998047725612,0.00627529422888785,0.00948830592893259,0.00413265044079388,0.0044169371054653,0.00819470620646802,0.00514959535535674
2017-09-01,0.00505120973121256,0.0108650115529932,0.00957091588415038,0.00397857388665084,0.00441186484720091,0.003554911614113,0.00395353929781906,0.0110864713772744,0.00536317922280861,0.00345284752118343,0.00404404896513396,0.00311776917835804,0.0137555436942628,0.00294060131893312
2017-10-01,0.00609369341084212,0.0139299046619486,0.00743692690462989,0.00550398114527675,0.00366317792741819,0.00395393883613445,0.0115956269440857,0.00940058684448124,0.0108052486992654,0.00678169105400171,0.00377989181331134,0.0043839373631092,0.0151584718818764,0.00768468796064868
2017-11-01,0.00509801385671674,0.0125834644785477,0.0100287550738395,0.00597619521458517,0.00616437693412841,0.00276760185510051,0.0074721448436814,0.0103994160365762,0.00639247598812021,0.00547247647035328,0.00639247598812021,0.00517784852561387,0.0102435483496818,0.00878941688048405
2017-12-01,0.00329384096143825,0.0142148227600841,0.00808690151085412,0.00749609793988812,0.00408231941141166,0.00419115164816856,0.00334048334861977,0.0101302822826162,0.00598799408768544,0.00487968212561013,0.00213666554612515,0.00954836297587527,0.00755828778946349,0.00387798133423545
2018-01-01,0.00367348817177319,0.00992756187077385,0.00983031820917417,0.00529615106234704,0.00554869430291936,0.00360382107092565,0.00675480598634232,0.0119914497333821,0.00467059855265355,0.00308422061043778,0.00313211674227046,0.00415099809216567,0.0129043790340717,0.00335853482002495
2018-02-01,0.00323400063133176,0.00987380817753478,0.00482405094173654,0.00476678218055671,0.00326600376257931,0.00327779438988104,0.00471625092069215,0.00948303310124886,0.00386058825365229,0.0074786264599547,0.0049015322068622,0.00559212609167783,0.0111926740599998,0.00494195721475385
2018-03-01,0.00245101472361063,0.0148621017714236,0.00821622127754067,0.00595329751130409,0.00270763494452405,0.00495743608582756,0.00855303531748955,0.0101700343231315,0.00524175962604414,0.00650007355018213,0.00268138969465791,0.0053613213198788,0.0105841260432418,0.00500992658555985
2018-04-01,0.00393315280631998,0.0104123721201,0.0054628054115924,0.00393147555565631,0.00625279047418375,0.00352054914305571,0.015923817800939,0.0067777699319143,0.00359267092159377,0.00612028767175335,0.00398347032623026,0.00733293990159103,0.00617060519166363,0.00656979084961849
2018-05-01,0.00320457005896224,0.0116477486574256,0.00446145232759714,0.00748852374556896,0.00400251439999127,0.00249617458185632,0.0112064006852332,0.0103380965225504,0.00701359494940539,0.00455100119152023,0.00456219479951062,0.00929229371887705,0.0101398097524349,0.00908761060133854
2018-06-01,0.00656676762078355,0.0140589211154844,0.0117084711877695,0.00589801404468996,0.00711022425146908,0.00355209292223073,0.00928556037596313,0.00775633380128411,0.00926593555318837,0.00737289495630043,0.00532587498071824,0.00390986853743204,0.0136000021829055,0.00487903286215458
2018-07-01,0.00785994199181174,0.00901533410881229,0.00354359953409963,0.00470494728056926,0.00572633773451562,0.00643505764133555,0.00957814109363988,0.0081904794273454,0.00677750633580736,0.00796416550752055,0.00470792509530379,0.0062802112751396,0.00709613251240287,0.00576207151133007
2018-08-01,0.00717831371515928,0.0115323728538624,0.00418792651655869,0.00739705500098284,0.0037961304160013,0.00292808746529641,0.0102282317700283,0.00896562384173027,0.00781930874893338,0.00918298068903597,0.0050268962583883,0.00645286793179506,0.00875795806404968,0.00734444633730375
2018-09-01,0.00577109779248498,0.013966907433901,0.00807449527340582,0.00613031436269698,0.0063288287830773,0.00182286654269864,0.00502745647169521,0.00972405557608989,0.00777199710901676,0.00454850104474587,0.00621854299397712,0.00565450995829336,0.0126513555210632,0.00529686889935422
2018-10-01,0.00670324264293871,0.0112600542017304,0.00910826373909602,0.00677291456327308,0.00523209324818622,0.00798145441214989,0.00777109880652499,0.008667454858519,0.0105820928230921,0.00707169991393774,0.00416557692922176,0.00550810124028004,0.0110952533132472,0.0056688825948978
2018-11-01,0.00615473451138059,0.0120298387269272,0.00744246787373375,0.00607729842945734,0.0062952666600561,0.00314333132547676,0.00714276155666046,0.0156076725120844,0.00883775134986919,0.007076797486874,0.00427762652550053,0.00619345255234221,0.0129203536690445,0.0082928307733723
2018-12-01,0.00803732519029429,0.00835338510190483,0.00645963769762684,0.0047200021510763,0.00664248227459161,0.00347404696233065,0.00560810438204805,0.0105605803524081,0.00982920204454905,0.0118065355411538,0.00203741100046459,0.00594244875135506,0.00992323639841665,0.00796418735950838
2019-01-01,0.0104046105274841,0.0154693153850752,0.00364830434656989,0.00653917526478616,0.0142826696806546,0.00428454842638692,0.0106671874493133,0.00789245632344461,0.00981633723146278,0.0152925809184594,0.00283532580013701,0.00846558095089885,0.0104854034265085,0.0141311829949838
2019-02-01,0.00462546475712303,0.0129153521119876,0.00576385634242533,0.00763081854232111,0.00604186355062547,0.00354938513227938,0.0112449122489229,0.00874764060284926,0.0125271006660529,0.00841211466191806,0.00661465426407232,0.0096990963067756,0.00934679406879784,0.0136535091820362
2019-03-01,0.00797235546606792,0.0115475671501492,0.00591752522130453,0.0094676544704732,0.00710411733447775,0.00569564214323149,0.00610853761025436,0.0132493138880659,0.0109918947459315,0.0101333037046923,0.00543131186761403,0.00699221108640613,0.0120627217748927,0.00661983339885746
2019-04-01,0.00438918705979002,0.0128650554392285,0.00322863044666825,0.00710032341011545,0.00672361814880708,0.00422937270650768,0.00909229517067035,0.00760069454003517,0.00701470857799991,0.00579136775466009,0.00528528896926601,0.00585795706852773,0.0100664017049627,0.011548489576474
2019-05-01,0.00423958528449367,0.0117199197675384,0.00463328709939076,0.00515457746541191,0.00431613841516811,0.00492856346056358,0.010010233182476,0.00609508735655496,0.00851015635997462,0.00548448500474697,0.00213984227170919,0.0074839798702197,0.00991363042233925,0.0107156156008333
2019-06-01,0.00904554936504443,0.0112879837466743,0.00416765607048474,0.00543451179320269,0.00749539677204939,0.00533874947085551,0.0115453449879824,0.0036150276686062,0.00556418993804784,0.0103363456683492,0.00406391355460862,0.00408186899004872,0.00630036279109182,0.00675323877385871
2019-07-01,0.00625979092598735,0.0176553067123817,0.00492621497784336,0.00501912805619765,0.0135543784893323,0.00331389979463649,0.00994898668417255,0.010342500898379,0.0063982496309859,0.00600655724184525,0.0044361440351511,0.00594825883974059,0.0106303492587707,0.0137802847974879
2019-08-01,0.0104057360448777,0.0144834281980795,0.00762961719551189,0.00841227377426586,0.0098457170049378,0.00592900891826311,0.0122827417567253,0.00668426395377843,0.00678359454801854,0.00868800180310479,0.00165779336593839,0.00520800581179611,0.00860922236629367,0.00606087884509912
2019-09-01,0.00728029088613842,0.0203192918632123,0.00524544958346273,0.0065322409975877,0.0106856469481297,0.00488143503915581,0.0124820587242843,0.0106037436756606,0.00675793001505799,0.00418252711408652,0.00593161699948128,0.00455382194927958,0.00867992680899853,0.0106510655664205
2019-10-01,0.00416452383161108,0.0137485101505327,0.00492432887136028,0.00710651775329397,0.0100845213925005,0.00445080108592417,0.00837225932425056,0.00816520344848952,0.0115285110651992,0.00418973063387765,0.00310403765053935,0.00676982689444777,0.00761785574212992,0.0121946908393869
2019-11-01,0.00499243895414561,0.0139344677365798,0.0113443381752746,0.00762907636668972,0.00921570959934008,0.00729100006345306,0.0112674213443795,0.00756468088035893,0.0054682500475898,0.00680445638895374,0.00529295122368931,0.0057043668308027,0.00866119291149159,0.00718367425290174
2019-12-01,0.00233174213332387,0.0141705788900387,0.00395881516693357,0.00411914718119438,0.00605698720540837,0.00422603519070159,0.00873908448100586,0.00990693495525126,0.00533252402985952,0.00487330147049523,0.00341249867389674,0.0061381429163305,0.0108629888180657,0.00890733412560054
2020-01-01,0.00595523351687878,0.0136301689859635,0.00389291529508029,0.00764845305211141,0.00782058876243809,0.00388298438871529,0.0137410641070394,0.00918443323656486,0.00499524590159538,0.0074845930970889,0.00499855620371705,0.00985476941620241,0.0103711765471825,0.00826085894461979
2020-02-01,0.00989072804599825,0.0103911241047482,0.00675069627213234,0.00830583049189058,0.00850115237355878,0.00322746156851739,0.010649693071909,0.0122383110428103,0.00491653079284811,0.00959123449410701,0.00545785143632854,0.0185611593836695,0.00915222531245277,0.00735526400110534
2020-03-01,0.0202518720664755,0.0207812031607108,0.00628790423757247,0.0122432604101787,0.010246446570542,0.0085821807958716,0.00697588211509435,0.0193732129590418,0.00420871610661389,0.0129297128378613,0.00390515158859426,0.0272689413272308,0.0159653580180576,0.0112181581181727
2020-04-01,0.00767388177736828,0.0186059922845902,0.00418099715845458,0.0132057358106819,0.00896766019272624,0.00782450548994059,0.00484057046824491,0.0139429992459043,0.00405891267563281,0.0101885050209439,0.00378778999300265,0.0223652430478423,0.0118168266294888,0.00757082344771354
2020-05-01,0.0126952305757245,0.020460726653028,0.00573472488210378,0.0141372278126108,0.013054482482492,0.0112083268504923,0.00595759412056141,0.0124208020358327,0.00468025400761022,0.0068623767005685,0.00418129302598866,0.0176698715624915,0.0118686185495048,0.0107792204062977
2020-06-01,0.00568788120559713,0.0191249101746917,0.00246441116292331,0.0116068536701405,0.0103687442973919,0.00782842724649356,0.00611126738074686,0.0122157875714515,0.00363167504022853,0.0064756156430271,0.00405843481039937,0.0152975666232385,0.0105458580360004,0.011159852329843
2020-07-01,0.00534975635349819,0.0132110456271969,0.00152349331961402,0.00881267579232797,0.012774395868228,0.00461510110209436,0.0048334259815788,0.0102102737434802,0.00542146890515367,0.0067648840394995,0.0048939832474212,0.0147680048042502,0.00773539390523689,0.0108365633612713
2020-08-01,0.00381453300461334,0.0114744581572481,0.00606039288598119,0.00887371812668703,0.00696045123538434,0.00530948706305057,0.00812281230375641,0.00914630722679198,0.00304991200683467,0.00747991348275416,0.00602781934571708,0.0109772830690064,0.01028466673918,0.00779021931369124
2020-09-01,0.00649294930131616,0.0158530273997799,0.00356533255486166,0.0114287659647601,0.0102777667008058,0.00462473578129413,0.00540070975954565,0.0106216838982936,0.00488224162262927,0.00560809701431221,0.00348583410720115,0.0110485559976881,0.00828166437367769,0.00694920126180258
2020-10-01,0.00810557235661693,0.0135834620859427,0.00685091308412657,0.0113045589545263,0.011766967969419,0.00737013685852824,0.00561834844033416,0.0130784420014183,0.00292280373918508,0.00948490846247425,0.00487344381566064,0.016247443031809,0.0113992502203746,0.00814660523848454
2020-11-01,0.00685898064680837,0.0164786878909429,0.0059550568654166,0.00845527157990449,0.00940989901634532,0.00811433320974705,0.00575224224522038,0.00980678624724654,0.00296878642321708,0.010147724617404,0.00233061973035829,0.0122580457085836,0.0098697287155833,0.00841330993434665
2020-12-01,0.00296220687346155,0.0151116005904096,0.00223795091417999,0.00901336541325891,0.00736387246599517,0.00679533153795916,0.00278657480333577,0.00948775306658832,0.00393270985889882,0.00706692752268974,0.00235202122776684,0.0129062411943972,0.00577594127527037,0.00545183673349188
2021-01-01,0.0036524468689123,0.0157400843327806,0.00654824873429033,0.0100717857137116,0.01160375831346,0.00334605234896262,0.00726752855246488,0.0110302027181883,0.00227180326987077,0.00518441946866068,0.00185144493457396,0.0147910086246438,0.00654638047502235,0.00517694643158874
2021-02-01,0.00388765544616124,0.010876853228399,0.00267244129345389,0.00822844159333201,0.00539637471202249,0.00587696787975987,0.00587868428393036,0.00738053793310964,0.00239781662617539,0.00564525331674363,0.00297452842746024,0.012902210149578,0.00742859724988338,0.00608293638021874
2021-03-01,0.00380599772320507,0.0121418038197461,0.00736752959769041,0.00772384256673942,0.00651589366718315,0.00463206859763707,0.00766632119057007,0.00922259397915183,0.00164415266884048,0.00682906560410515,0.00280416708825562,0.0109098876801193,0.00691854330036857,0.00489091479039912
2021-04-01,0.00406621659083881,0.00927888806404237,0.00501666467073474,0.00879441842020436,0.00431584789586985,0.00521267147320355,0.00276628468389944,0.0111964263108363,0.0016679069417629,0.00348929090810043,0.0025388428282045,0.00807141219600338,0.0078828018766466,0.00295304588247821
2021-05-01,0.00300662664372867,0.014800362123645,0.00595894003195773,0.00729737382819824,0.00456231346196764,0.00733616901069796,0.00637016896645481,0.00891513293843676,0.00239948203760798,0.00850584376306466,0.00202316876736065,0.0084864461718148,0.00948154260293274,0.00673484368195223
2021-06-01,0.00511458728968906,0.0103503986768681,0.00298068663240157,0.00917381184828858,0.00613964399640611,0.00348162738820591,0.00846072892187672,0.00961770596997996,0.00309121448599541,0.0020625923646463,0.00325344085175411,0.00932712467746713,0.00915598477512828,0.00441220060717338
2021-07-01,0.0067339098593875,0.00877075263016149,0.00327318723180646,0.00469012133321445,0.00608274529072574,0.00351107935422422,0.00810569655070161,0.00823245658673443,0.00224868831044528,0.00734166345680514,0.00313774500152481,0.0111618289262875,0.00862315532793149,0.00312211705187693
2021-08-01,0.00584401637175272,0.0136226036803615,0.0055119917962804,0.00946557922676007,0.00877082260062723,0.00371560449777119,0.00906830126651284,0.00919113116726561,0.00131850221589298,0.0072431257100147,0.00561946795943907,0.0121697562605202,0.00824495708802945,0.00550239571028409
2021-09-01,0.0062338221761316,0.0108433893549542,0.01079291306203,0.00590572627212467,0.00802753329968595,0.00452123366620534,0.0084872281102451,0.00892889567333135,0.0023327258229943,0.00542800421409261,0.00278520973456429,0.00996005422878169,0.00562810666104189,0.00543160966358719
2021-10-01,0.00720395844273952,0.00773967736425206,0.006820188888056,0.00709291852082602,0.00816825250146209,0.00376561700103177,0.00768707950650356,0.00533186432065389,0.00259482764892619,0.00345782212976275,0.00282275169916971,0.00783902887333257,0.00455458486725933,0.00392535864308279
2021-11-01,0.00607581063267429,0.0124706521246562,0.0050780771809542,0.00966236774527299,0.00728081254075986,0.00294849539398341,0.0119545130274324,0.012188198051766,0.00335287208826508,0.00454974582159122,0.00464728391870438,0.0117594368332061,0.00547432570047643,0.00722391531744385
2021-12-01,0.00798975964306948,0.0149733720628669,0.00794024452381396,0.005605111499724,0.0112597381187035,0.00391565563072592,0.00795608936197573,0.0127848037917733,0.00346605834788587,0.00652015090356587,0.00429989295614869,0.0182770208195947,0.00874238945575326,0.00458708064783067
2022-01-01,0.0117395536286371,0.00680925957334137,0.00491636104827629,0.00757358452983453,0.011194175925306,0.00430728959857081,0.015919455734459,0.0102845496098962,0.00316279259340527,0.00870812938712906,0.00467949992894638,0.0118510176847923,0.00605488676471922,0.00348126132527742
2022-02-01,0.00573416649426579,0.00986174381644133,0.0027943246187763,0.00684324396435012,0.00592294563810993,0.00701432506345887,0.0193518286934395,0.011078976004353,0.00269010279977901,0.00664069967460067,0.00388570404412524,0.0107250151096453,0.008524558214212,0.00423573204000292
2022-03-01,0.0125460056624582,0.0109048786059698,0.00483963376324607,0.00929918314442023,0.012317310822398,0.00463509682882602,0.0333411308375108,0.0101479308959113,0.00202604301968837,0.0127054478396833,0.00549833932370119,0.00896097246545794,0.00988702551499754,0.00887400400515336
2022-04-01,0.006869976387202,0.00916516418757749,0.00925284114090253,0.00921192522935084,0.0124228500977879,0.00602827763528162,0.0282631529985117,0.0115382870575752,0.00663032604811356,0.00709403971236599,0.00590163314714545,0.00878523072316898,0.00804095080827642,0.00778961020874464
2022-05-01,0.00857871415743335,0.0132021096635191,0.0053085538713144,0.0102318247837883,0.0161078643925082,0.008749529262338,0.0205547509568591,0.00734504951089979,0.00550024637792961,0.0130350904498346,0.00407109333356074,0.00879318201136919,0.0077644954907212,0.00887669161821146
2022-06-01,0.0116077047278256,0.00857350112169581,0.00379612156936846,0.00950858225839783,0.0121906874118188,0.0074306241768378,0.0286354167850536,0.00879091710615534,0.00562010699651559,0.00945470927109812,0.00391348772027138,0.00832337653780433,0.00475621516445962,0.00754029418669791
2022-07-01,0.00751353107416458,0.0137227791753307,0.00509334162358005,0.0110819201158344,0.0106064937226507,0.0105490837430964,0.0248316102190812,0.0151562346023263,0.0041622235176843,0.010412735041655,0.0056925582851777,0.00965384687442207,0.0081271002306508,0.00944573569853785
2022-08-01,0.0116177525440195,0.00997844884394654,0.00365954691635238,0.00924545622034561,0.0157629522085213,0.0104045233739215,0.0209679219963081,0.010917257130332,0.00180540055074119,0.015576995951795,0.0061853022868393,0.0084601069807732,0.00463085241265114,0.013818535815373
2022-09-01,0.00963571836632987,0.010839313512449,0.00592405356601436,0.0111419515983229,0.0161406979132746,0.00665281999119346,0.0195618997231249,0.0098374770902458,0.00501092141036035,0.0109715002626009,0.0085625706710184,0.00718156699180073,0.00845821271037223,0.00815383532515423
2022-10-01,0.00683815710976467,0.0113127535394539,0.00728870518713492,0.0103244545310289,0.0115888959094551,0.00781010558312389,0.0133565704226859,0.0163196507218427,0.00434015869692556,0.00314111945876278,0.00388234371508159,0.00542474418962734,0.00908544731826066,0.00787187427115046
2022-11-01,0.00692214311776176,0.0142812902202307,0.0044904587228578,0.0111562261695913,0.0115951723942306,0.00685416472014064,0.0162371258317868,0.0120535410181901,0.00337755524180351,0.00915571903959847,0.00543827180968937,0.0100219580492847,0.00774565284894329,0.00720376790790639
